Sample name,Sex,Population code,Superpopulation code
HG00315,female,FIN,EUR
HG00327,female,FIN,EUR
HG00334,female,FIN,EUR
HG00339,female,FIN,EUR
HG00341,male,FIN,EUR
HG00346,female,FIN,EUR
HG00353,female,FIN,EUR
HG00358,male,FIN,EUR
HG00360,male,FIN,EUR
HG00365,female,FIN,EUR
HG00372,male,FIN,EUR
HG00377,female,FIN,EUR
HG00384,female,FIN,EUR
HG00404,female,CHS,EAS
HG00409,male,CHS,EAS
HG00106,female,GBR,EUR
HG00113,male,GBR,EUR
HG00118,female,GBR,EUR
HG00120,female,GBR,EUR
HG00125,female,GBR,EUR
HG00132,female,GBR,EUR
HG00137,female,GBR,EUR
HG00144,female,GBR,EUR
HG00149,male,GBR,EUR
HG00151,male,GBR,EUR
HG00156,male,GBR,EUR
HG00182,male,FIN,EUR
HG00187,male,FIN,EUR
HG00233,female,GBR,EUR
HG00238,female,GBR,EUR
HG00240,female,GBR,EUR
HG00245,female,GBR,EUR
HG00252,male,GBR,EUR
HG00257,female,GBR,EUR
HG00097,female,GBR,EUR
HG00264,male,GBR,EUR
HG00100,female,GBR,EUR
HG00269,female,FIN,EUR
HG00105,male,GBR,EUR
HG00271,male,FIN,EUR
HG00112,male,GBR,EUR
HG00276,female,FIN,EUR
HG00117,male,GBR,EUR
HG00288,female,FIN,EUR
HG00124,female,GBR,EUR
HG00290,male,FIN,EUR
HG00129,male,GBR,EUR
HG00131,male,GBR,EUR
HG00308,male,FIN,EUR
HG00136,male,GBR,EUR
HG00310,male,FIN,EUR
HG00143,male,GBR,EUR
HG00098,male,GBR,EUR
HG00148,male,GBR,EUR
HG00101,male,GBR,EUR
HG00150,female,GBR,EUR
HG00423,female,CHS,EAS
HG00155,male,GBR,EUR
HG00428,female,CHS,EAS
HG00174,female,FIN,EUR
HG00442,male,CHS,EAS
HG00179,female,FIN,EUR
HG00447,female,CHS,EAS
HG00181,male,FIN,EUR
HG00459,male,CHS,EAS
HG00186,male,FIN,EUR
HG00473,female,CHS,EAS
HG00232,female,GBR,EUR
HG00478,male,CHS,EAS
HG00237,female,GBR,EUR
HG00480,male,CHS,EAS
HG00244,male,GBR,EUR
HG00500,male,CHS,EAS
HG00319,female,FIN,EUR
HG00512,male,CHS,EAS
HG00321,male,FIN,EUR
HG00524,male,CHS,EAS
HG00326,female,FIN,EUR
HG00531,female,CHS,EAS
HG00338,male,FIN,EUR
HG00536,male,CHS,EAS
HG00345,male,FIN,EUR
HG00733,female,PUR,AMR
HG00357,female,FIN,EUR
HG00738,male,PUR,AMR
HG00364,female,FIN,EUR
HG00740,female,PUR,AMR
HG00369,male,FIN,EUR
HG00978,female,CDX,EAS
HG00371,male,FIN,EUR
HG01192,male,PUR,AMR
HG00376,female,FIN,EUR
HG01197,male,PUR,AMR
HG00383,female,FIN,EUR
HG01200,male,PUR,AMR
HG00403,male,CHS,EAS
HG01205,female,PUR,AMR
HG00408,female,CHS,EAS
HG01243,male,PUR,AMR
HG00410,female,CHS,EAS
HG01248,female,PUR,AMR
HG00422,female,CHS,EAS
HG01250,male,CLM,AMR
HG00542,male,CHS,EAS
HG01255,male,CLM,AMR
HG00554,female,PUR,AMR
HG01274,male,CLM,AMR
HG00559,male,CHS,EAS
HG01279,female,CLM,AMR
HG00561,female,CHS,EAS
HG00620,female,CHS,EAS
HG00566,female,CHS,EAS
HG00625,male,CHS,EAS
HG00578,female,CHS,EAS
HG00632,female,CHS,EAS
HG00580,male,CHS,EAS
HG00637,male,PUR,AMR
HG00585,female,CHS,EAS
HG00651,female,CHS,EAS
HG00592,male,CHS,EAS
HG00656,male,CHS,EAS
HG00597,female,CHS,EAS
HG00663,female,CHS,EAS
HG00543,female,CHS,EAS
HG00427,male,CHS,EAS
HG00555,female,PUR,AMR
HG00446,female,CHS,EAS
HG00567,male,CHS,EAS
HG00453,female,CHS,EAS
HG00579,female,CHS,EAS
HG00458,female,CHS,EAS
HG00581,female,CHS,EAS
HG00465,male,CHS,EAS
HG00593,female,CHS,EAS
HG00472,male,CHS,EAS
HG00598,male,CHS,EAS
HG00477,male,CHS,EAS
HG00613,male,CHS,EAS
HG00530,male,CHS,EAS
HG01077,female,PUR,AMR
HG00535,male,CHS,EAS
HG01084,female,PUR,AMR
HG00732,female,PUR,AMR
HG01089,female,PUR,AMR
HG00737,female,PUR,AMR
HG01096,male,PUR,AMR
HG00864,female,CDX,EAS
HG01104,male,PUR,AMR
HG00249,female,GBR,EUR
HG01109,male,PUR,AMR
HG00251,male,GBR,EUR
HG01111,female,PUR,AMR
HG00256,male,GBR,EUR
HG00263,female,GBR,EUR
HG00675,female,CHS,EAS
HG00268,female,FIN,EUR
HG00694,male,CHS,EAS
HG00270,female,FIN,EUR
HG00699,female,CHS,EAS
HG00275,female,FIN,EUR
HG00702,female,CHS,EAS
HG00282,female,FIN,EUR
HG00707,male,CHS,EAS
HG01130,male,CLM,AMR
HG00612,female,CHS,EAS
HG01135,male,CLM,AMR
HG01142,male,CLM,AMR
HG00629,female,CHS,EAS
HG01161,male,PUR,AMR
HG00631,male,CHS,EAS
HG01173,male,PUR,AMR
HG00636,male,CHS,EAS
HG01178,male,PUR,AMR
HG00650,male,CHS,EAS
HG01046,female,CDX,EAS
HG00655,female,CHS,EAS
HG01053,female,PUR,AMR
HG00662,male,CHS,EAS
HG01058,female,PUR,AMR
HG00674,male,CHS,EAS
HG01060,male,PUR,AMR
HG00693,female,CHS,EAS
HG01072,male,PUR,AMR
HG00698,male,CHS,EAS
HG00701,male,CHS,EAS
HG01488,male,CLM,AMR
HG00706,male,CHS,EAS
HG01490,female,CLM,AMR
HG00718,male,CHS,EAS
HG01495,female,CLM,AMR
HG01052,female,PUR,AMR
HG01503,male,IBS,EUR
HG01064,female,PUR,AMR
HG01508,male,IBS,EUR
HG01069,male,PUR,AMR
HG01565,male,PEL,AMR
HG01071,female,PUR,AMR
HG01572,female,PEL,AMR
HG01191,female,PUR,AMR
HG01577,male,PEL,AMR
HG01204,male,PUR,AMR
HG01589,male,PJL,SAS
HG01242,female,PUR,AMR
HG01596,male,KHV,EAS
HG01247,male,PUR,AMR
HG01349,female,CLM,AMR
HG01254,female,CLM,AMR
HG01351,female,CLM,AMR
HG01259,male,CLM,AMR
HG01356,male,CLM,AMR
HG01261,male,CLM,AMR
HG01363,female,CLM,AMR
HG01273,male,CLM,AMR
HG01375,female,CLM,AMR
HG01278,female,CLM,AMR
HG01280,male,CLM,AMR
HG01402,male,PUR,AMR
HG01083,female,PUR,AMR
HG01414,female,PUR,AMR
HG01088,male,PUR,AMR
HG01438,female,CLM,AMR
HG01095,female,PUR,AMR
HG01440,male,CLM,AMR
HG01103,female,PUR,AMR
HG01281,female,CLM,AMR
HG01108,female,PUR,AMR
HG01286,male,PUR,AMR
HG01110,male,PUR,AMR
HG01122,female,CLM,AMR
HG01325,male,PUR,AMR
HG01350,male,CLM,AMR
HG01344,male,CLM,AMR
HG01355,female,CLM,AMR
HG01604,female,IBS,EUR
HG01362,male,CLM,AMR
HG01609,male,IBS,EUR
HG01367,female,CLM,AMR
HG01611,male,IBS,EUR
HG01374,male,CLM,AMR
HG01616,female,IBS,EUR
HG01379,female,CLM,AMR
HG01623,female,IBS,EUR
HG01393,female,PUR,AMR
HG01134,female,CLM,AMR
HG01139,male,CLM,AMR
HG01457,male,CLM,AMR
HG01141,female,CLM,AMR
HG01464,male,CLM,AMR
HG01172,male,PUR,AMR
HG01177,female,PUR,AMR
HG01628,female,IBS,EUR
HG01184,female,PUR,AMR
HG01630,male,IBS,EUR
HG01189,male,PUR,AMR
HG01673,female,IBS,EUR
HG01678,male,IBS,EUR
HG01680,male,IBS,EUR
HG01494,male,CLM,AMR
HG01510,female,IBS,EUR
HG01499,male,CLM,AMR
HG01515,male,IBS,EUR
HG01502,male,IBS,EUR
HG01522,female,IBS,EUR
HG01507,female,IBS,EUR
HG01527,male,IBS,EUR
HG01305,male,PUR,AMR
HG01894,female,ACB,AFR
HG01312,female,PUR,AMR
HG01914,male,ACB,AFR
HG01919,female,PEL,AMR
HG01343,female,CLM,AMR
HG01921,female,PEL,AMR
HG01348,female,CLM,AMR
HG01868,female,KHV,EAS
HG01398,male,PUR,AMR
HG01870,female,KHV,EAS
HG01413,male,PUR,AMR
HG01882,male,ACB,AFR
HG01432,female,CLM,AMR
HG01887,male,ACB,AFR
HG01437,male,CLM,AMR
HG01926,male,PEL,AMR
HG01444,female,CLM,AMR
HG01933,female,PEL,AMR
HG01456,female,CLM,AMR
HG01938,male,PEL,AMR
HG01463,female,CLM,AMR
HG01940,female,PEL,AMR
HG01468,female,CLM,AMR
HG01945,female,PEL,AMR
HG01514,female,IBS,EUR
HG01748,male,IBS,EUR
HG01519,female,IBS,EUR
HG01755,female,IBS,EUR
HG01521,male,IBS,EUR
HG01762,female,IBS,EUR
HG01526,male,IBS,EUR
HG01767,male,IBS,EUR
HG01538,female,IBS,EUR
HG01774,male,IBS,EUR
HG01552,male,CLM,AMR
HG01779,female,IBS,EUR
HG01571,male,PEL,AMR
HG01781,male,IBS,EUR
HG01583,male,PJL,SAS
HG01786,female,IBS,EUR
HG01952,male,PEL,AMR
HG01595,female,KHV,EAS
HG01969,female,PEL,AMR
HG01867,male,KHV,EAS
HG01971,female,PEL,AMR
HG01874,female,KHV,EAS
HG01685,female,IBS,EUR
HG01879,male,ACB,AFR
HG01697,female,IBS,EUR
HG01881,female,ACB,AFR
HG01700,male,IBS,EUR
HG01886,female,ACB,AFR
HG01705,male,IBS,EUR
HG01709,male,IBS,EUR
HG01844,male,KHV,EAS
HG01711,female,IBS,EUR
HG01849,male,KHV,EAS
HG01747,male,IBS,EUR
HG01851,female,KHV,EAS
HG01761,male,IBS,EUR
HG01863,female,KHV,EAS
HG01766,female,IBS,EUR
HG01798,female,CDX,EAS
HG01773,female,IBS,EUR
HG01801,female,CDX,EAS
HG01603,male,IBS,EUR
HG01806,female,CDX,EAS
HG01608,male,IBS,EUR
HG01813,female,CDX,EAS
HG01610,male,IBS,EUR
HG02006,female,PEL,AMR
HG01615,male,IBS,EUR
HG02013,male,ACB,AFR
HG01622,female,IBS,EUR
HG02018,female,KHV,EAS
HG01627,male,IBS,EUR
HG02020,male,KHV,EAS
HG01778,male,IBS,EUR
HG01976,female,PEL,AMR
HG01780,male,IBS,EUR
HG01983,female,PEL,AMR
HG01785,male,IBS,EUR
HG01988,male,ACB,AFR
HG01797,female,CDX,EAS
HG01990,male,ACB,AFR
HG01684,female,IBS,EUR
HG01696,male,IBS,EUR
HG02025,female,KHV,EAS
HG01704,female,IBS,EUR
HG02032,male,KHV,EAS
HG01843,female,KHV,EAS
HG02049,female,KHV,EAS
HG01848,female,KHV,EAS
HG02051,male,ACB,AFR
HG01850,female,KHV,EAS
HG02082,male,KHV,EAS
HG01855,female,KHV,EAS
HG02087,female,KHV,EAS
HG01862,female,KHV,EAS
HG02102,female,PEL,AMR
HG01672,male,IBS,EUR
HG02107,male,ACB,AFR
HG01677,female,IBS,EUR
HG02145,male,ACB,AFR
HG01800,female,CDX,EAS
HG02152,female,CDX,EAS
HG01805,female,CDX,EAS
HG02164,female,CDX,EAS
HG01812,female,CDX,EAS
HG01817,female,CDX,EAS
HG02121,female,KHV,EAS
HG02079,male,KHV,EAS
HG02126,female,KHV,EAS
HG02081,female,KHV,EAS
HG02133,female,KHV,EAS
HG02086,female,KHV,EAS
HG02138,male,KHV,EAS
HG02106,female,PEL,AMR
HG02140,female,KHV,EAS
HG01949,female,PEL,AMR
HG02222,female,IBS,EUR
HG01951,female,PEL,AMR
HG02234,male,IBS,EUR
HG01956,female,ACB,AFR
HG02239,female,IBS,EUR
HG01968,female,PEL,AMR
HG02253,male,PEL,AMR
HG01970,male,PEL,AMR
HG02056,male,KHV,EAS
HG02024,female,KHV,EAS
HG02068,female,KHV,EAS
HG02029,male,KHV,EAS
HG02070,male,KHV,EAS
HG02031,female,KHV,EAS
HG02075,female,KHV,EAS
HG02048,female,KHV,EAS
HG02050,male,KHV,EAS
HG02188,female,CDX,EAS
HG02055,male,ACB,AFR
HG02190,female,CDX,EAS
HG02067,male,KHV,EAS
HG02215,female,GBR,EUR
HG02074,male,KHV,EAS
HG01925,female,PEL,AMR
HG02568,female,GWD,AFR
HG01932,male,PEL,AMR
HG02570,male,GWD,AFR
HG01937,male,PEL,AMR
HG01944,male,PEL,AMR
HG02582,male,GWD,AFR
HG01975,female,PEL,AMR
HG01982,male,PEL,AMR
HG02594,male,GWD,AFR
HG01987,male,ACB,AFR
HG02113,female,KHV,EAS
HG02602,male,PJL,SAS
HG02120,male,KHV,EAS
HG02429,male,ACB,AFR
HG02132,male,KHV,EAS
HG02436,male,ACB,AFR
HG02137,male,KHV,EAS
HG02450,female,ACB,AFR
HG01893,female,PEL,AMR
HG02455,male,ACB,AFR
HG01898,female,PEL,AMR
HG02462,female,GWD,AFR
HG01918,female,PEL,AMR
HG02258,male,ACB,AFR
HG01920,male,PEL,AMR
HG02260,female,PEL,AMR
HG02012,female,ACB,AFR
HG02265,male,PEL,AMR
HG02017,male,KHV,EAS
HG02272,female,PEL,AMR
HG02428,male,ACB,AFR
HG02277,male,PEL,AMR
HG02442,male,ACB,AFR
HG02479,female,ACB,AFR
HG02461,male,GWD,AFR
HG02481,male,ACB,AFR
HG02486,male,ACB,AFR
HG02493,male,PJL,SAS
HG02182,female,CDX,EAS
HG02501,male,ACB,AFR
HG02187,female,CDX,EAS
HG02513,female,KHV,EAS
HG02219,male,IBS,EUR
HG02221,male,IBS,EUR
HG02537,female,ACB,AFR
HG02283,male,ACB,AFR
HG02549,female,ACB,AFR
HG02284,male,ACB,AFR
HG02303,female,PEL,AMR
HG02291,male,PEL,AMR
HG02308,female,ACB,AFR
HG02304,male,PEL,AMR
HG02353,male,CDX,EAS
HG02309,female,ACB,AFR
HG02316,male,ACB,AFR
HG02360,male,CDX,EAS
HG02323,male,ACB,AFR
HG02372,male,CDX,EAS
HG02330,male,ACB,AFR
HG02377,male,CDX,EAS
HG02384,male,CDX,EAS
HG02373,male,CDX,EAS
HG02144,female,ACB,AFR
HG02380,male,CDX,EAS
HG02151,female,CDX,EAS
HG02385,male,CDX,EAS
HG02156,female,CDX,EAS
HG02392,male,CDX,EAS
HG02397,male,CDX,EAS
HG02233,male,IBS,EUR
HG02238,male,IBS,EUR
HG02789,male,PJL,SAS
HG02240,female,IBS,EUR
HG02791,male,PJL,SAS
HG02252,female,PEL,AMR
HG02804,male,GWD,AFR
HG02257,female,ACB,AFR
HG02271,male,PEL,AMR
HG02811,female,GWD,AFR
HG02816,male,GWD,AFR
HG02315,female,ACB,AFR
HG02854,male,GWD,AFR
HG02322,female,ACB,AFR
HG02861,female,GWD,AFR
HG02334,male,ACB,AFR
HG02878,male,GWD,AFR
HG02339,female,ACB,AFR
HG02389,male,CDX,EAS
HG02885,female,GWD,AFR
HG02391,male,CDX,EAS
HG02396,male,CDX,EAS
HG02409,male,CDX,EAS
HG02733,male,PJL,SAS
HG02974,female,ESN,AFR
HG02979,female,ESN,AFR
HG02757,female,GWD,AFR
HG02981,male,ESN,AFR
HG03009,male,BEB,SAS
HG02769,female,GWD,AFR
HG03016,female,PJL,SAS
HG02771,male,GWD,AFR
HG02734,female,PJL,SAS
HG02783,male,PJL,SAS
HG02562,female,GWD,AFR
HG02760,female,GWD,AFR
HG02772,female,GWD,AFR
HG02574,female,GWD,AFR
HG02784,female,PJL,SAS
HG02586,female,GWD,AFR
HG02690,male,PJL,SAS
HG02601,female,PJL,SAS
HG02703,female,GWD,AFR
HG02715,male,GWD,AFR
HG02790,female,PJL,SAS
HG02722,female,GWD,AFR
HG02808,female,GWD,AFR
HG02727,male,PJL,SAS
HG02810,male,GWD,AFR
HG03028,female,GWD,AFR
HG02839,male,GWD,AFR
HG03054,male,MSL,AFR
HG02860,male,GWD,AFR
HG03061,female,MSL,AFR
HG02884,male,GWD,AFR
HG02657,male,PJL,SAS
HG02676,female,GWD,AFR
HG02891,female,GWD,AFR
HG02896,female,GWD,AFR
HG02688,female,PJL,SAS
HG02923,male,ESN,AFR
HG02614,female,GWD,AFR
HG02478,male,ACB,AFR
HG02621,female,GWD,AFR
HG02480,female,ACB,AFR
HG02645,male,GWD,AFR
HG02485,female,ACB,AFR
HG02652,female,PJL,SAS
HG02492,male,PJL,SAS
HG02943,female,ESN,AFR
HG02497,female,ACB,AFR
HG02505,female,ACB,AFR
HG03066,male,MSL,AFR
HG02656,male,PJL,SAS
HG03073,female,MSL,AFR
HG03078,male,MSL,AFR
HG02675,male,GWD,AFR
HG02682,female,PJL,SAS
HG03085,female,MSL,AFR
HG02687,male,PJL,SAS
HG03097,female,MSL,AFR
HG02613,male,GWD,AFR
HG02620,male,GWD,AFR
HG03268,male,ESN,AFR
HG03270,female,ESN,AFR
HG02649,female,PJL,SAS
HG03294,female,ESN,AFR
HG02651,male,PJL,SAS
HG03100,male,ESN,AFR
HG02694,female,PJL,SAS
HG03105,female,ESN,AFR
HG02699,male,PJL,SAS
HG03112,male,ESN,AFR
HG02702,male,GWD,AFR
HG03117,female,ESN,AFR
HG02721,male,GWD,AFR
HG03352,male,ESN,AFR
HG02726,female,PJL,SAS
HG03369,female,ESN,AFR
HG02512,male,KHV,EAS
HG03376,male,MSL,AFR
HG02536,male,ACB,AFR
HG02555,female,ACB,AFR
HG03388,male,MSL,AFR
HG03027,male,GWD,AFR
HG03039,male,GWD,AFR
HG03410,female,MSL,AFR
HG03198,female,ESN,AFR
HG03046,female,GWD,AFR
HG03225,male,MSL,AFR
HG03237,male,PJL,SAS
HG03058,female,MSL,AFR
HG03124,male,ESN,AFR
HG03060,male,MSL,AFR
HG03129,female,ESN,AFR
HG03072,male,MSL,AFR
HG03136,male,ESN,AFR
HG03077,male,MSL,AFR
HG03084,male,MSL,AFR
HG03091,female,MSL,AFR
HG03096,male,MSL,AFR
HG03162,female,ESN,AFR
HG03267,female,ESN,AFR
HG03193,male,ESN,AFR
HG03279,female,ESN,AFR
HG03624,male,PJL,SAS
HG03629,male,PJL,SAS
HG03212,female,MSL,AFR
HG03631,female,PJL,SAS
HG03224,male,MSL,AFR
HG03636,male,PJL,SAS
HG03229,female,PJL,SAS
HG03698,female,STU,SAS
HG02973,male,ESN,AFR
HG03706,female,PJL,SAS
HG03713,male,ITU,SAS
HG03491,female,PJL,SAS
HG03015,male,PJL,SAS
HG03511,female,ESN,AFR
HG03022,female,PJL,SAS
HG03123,female,ESN,AFR
HG03460,male,MSL,AFR
HG03130,male,ESN,AFR
HG03472,male,MSL,AFR
HG03135,female,ESN,AFR
HG03159,female,ESN,AFR
HG03484,male,MSL,AFR
HG03439,male,MSL,AFR
HG03109,male,ESN,AFR
HG03446,female,MSL,AFR
HG03111,female,ESN,AFR
HG03458,female,MSL,AFR
HG03643,female,STU,SAS
HG02947,male,ESN,AFR
HG03667,male,PJL,SAS
HG03578,female,MSL,AFR
HG03585,male,BEB,SAS
HG03166,male,ESN,AFR
HG03600,male,BEB,SAS
HG03679,male,STU,SAS
HG03681,male,STU,SAS
HG03539,female,GWD,AFR
HG03686,male,STU,SAS
HG03558,female,MSL,AFR
HG03693,male,STU,SAS
HG03565,male,MSL,AFR
HG03547,male,MSL,AFR
HG03572,female,MSL,AFR
HG03559,male,MSL,AFR
HG03577,male,MSL,AFR
HG03584,female,MSL,AFR
HG03718,male,ITU,SAS
HG03589,female,BEB,SAS
HG03720,male,ITU,SAS
HG03604,female,BEB,SAS
HG03488,female,PJL,SAS
HG03744,male,STU,SAS
HG03490,male,PJL,SAS
HG03821,male,BEB,SAS
HG03826,female,BEB,SAS
HG03833,male,BEB,SAS
HG03515,male,ESN,AFR
HG03838,female,STU,SAS
HG03433,male,MSL,AFR
HG03845,male,STU,SAS
HG03445,male,MSL,AFR
HG03934,female,BEB,SAS
HG03452,female,MSL,AFR
HG03457,male,MSL,AFR
HG03941,male,BEB,SAS
HG03953,male,STU,SAS
HG03351,female,ESN,AFR
HG03960,male,ITU,SAS
HG03363,female,ESN,AFR
HG03908,male,BEB,SAS
HG03370,male,ESN,AFR
HG03910,female,BEB,SAS
HG03382,male,MSL,AFR
HG03394,male,MSL,AFR
HG03922,female,BEB,SAS
HG03419,female,MSL,AFR
HG03802,female,BEB,SAS
HG03464,female,MSL,AFR
HG03469,male,MSL,AFR
HG03814,female,BEB,SAS
HG03775,male,ITU,SAS
HG03476,female,MSL,AFR
HG03782,female,ITU,SAS
HG03298,male,ESN,AFR
HG03787,female,ITU,SAS
HG03301,male,ESN,AFR
HG03756,female,STU,SAS
HG03313,male,ESN,AFR
HG03611,female,BEB,SAS
HG03770,female,ITU,SAS
HG03616,female,BEB,SAS
HG03888,female,STU,SAS
HG03697,male,STU,SAS
HG03890,male,STU,SAS
HG03895,female,STU,SAS
HG03705,male,PJL,SAS
HG03857,female,STU,SAS
HG03717,female,ITU,SAS
HG03864,male,ITU,SAS
HG03774,female,ITU,SAS
HG03869,male,ITU,SAS
HG03779,male,ITU,SAS
HG03871,male,ITU,SAS
HG03781,female,ITU,SAS
HG03786,male,ITU,SAS
HG04235,male,ITU,SAS
HG03793,female,BEB,SAS
NA06984,male,CEU,EUR
NA06989,female,CEU,EUR
HG03832,female,BEB,SAS
NA06991,female,CEU,EUR
HG03837,male,STU,SAS
NA07014,female,CEU,EUR
HG03844,male,STU,SAS
NA07019,female,CEU,EUR
HG03750,male,STU,SAS
HG04090,female,ITU,SAS
HG03755,male,STU,SAS
HG03762,female,PJL,SAS
HG03767,male,PJL,SAS
HG03849,female,STU,SAS
HG04134,male,BEB,SAS
HG03851,male,STU,SAS
NA07045,female,CEU,EUR
HG03856,male,STU,SAS
NA07348,female,CEU,EUR
HG03863,female,ITU,SAS
NA10839,female,CEU,EUR
HG03868,female,ITU,SAS
NA10846,male,CEU,EUR
HG03870,male,ITU,SAS
HG04141,female,BEB,SAS
HG03673,female,STU,SAS
HG04146,male,BEB,SAS
HG03680,male,STU,SAS
HG04153,female,BEB,SAS
HG03685,male,STU,SAS
HG04158,male,BEB,SAS
HG03692,female,STU,SAS
HG03642,female,STU,SAS
HG04209,female,ITU,SAS
HG04211,male,ITU,SAS
HG04216,female,ITU,SAS
HG04177,female,BEB,SAS
HG03729,male,ITU,SAS
HG04189,female,BEB,SAS
HG03731,female,ITU,SAS
HG03736,female,STU,SAS
HG03965,male,ITU,SAS
HG03743,male,STU,SAS
HG04094,male,ITU,SAS
HG03977,female,ITU,SAS
HG04099,female,STU,SAS
HG03989,female,STU,SAS
HG04107,male,STU,SAS
HG03991,male,STU,SAS
HG04038,female,STU,SAS
HG04037,female,STU,SAS
HG04076,female,ITU,SAS
HG04056,male,ITU,SAS
HG04002,male,ITU,SAS
HG04063,female,ITU,SAS
HG04014,female,ITU,SAS
HG04070,female,ITU,SAS
HG04019,male,ITU,SAS
HG04075,female,STU,SAS
HG04026,female,ITU,SAS
HG03875,male,ITU,SAS
HG04033,male,STU,SAS
HG03882,female,ITU,SAS
NA12878,female,CEU,EUR
HG03887,male,STU,SAS
NA12892,female,CEU,EUR
HG03894,female,STU,SAS
NA18484,female,YRI,AFR
HG03899,male,STU,SAS
NA18489,female,YRI,AFR
HG03969,male,ITU,SAS
NA18504,male,YRI,AFR
HG03971,male,ITU,SAS
NA18509,male,YRI,AFR
HG03976,male,ITU,SAS
NA18511,female,YRI,AFR
NA18516,male,YRI,AFR
HG03990,male,STU,SAS
NA18523,female,YRI,AFR
HG03995,female,STU,SAS
NA18528,female,CHB,EAS
HG03902,male,BEB,SAS
NA18530,male,CHB,EAS
HG03907,female,BEB,SAS
NA18535,female,CHB,EAS
HG03914,male,BEB,SAS
NA18542,female,CHB,EAS
HG03919,female,BEB,SAS
NA18547,female,CHB,EAS
HG03926,male,BEB,SAS
NA18559,male,CHB,EAS
HG04164,male,BEB,SAS
NA18561,male,CHB,EAS
HG04171,female,BEB,SAS
NA18566,female,CHB,EAS
HG04176,male,BEB,SAS
NA18573,female,CHB,EAS
HG04183,female,BEB,SAS
NA18592,female,CHB,EAS
HG04188,male,BEB,SAS
NA18597,female,CHB,EAS
HG04001,female,ITU,SAS
NA18605,male,CHB,EAS
HG04006,male,STU,SAS
NA18612,male,CHB,EAS
HG04018,female,ITU,SAS
NA18617,female,CHB,EAS
HG04020,male,ITU,SAS
NA18624,male,CHB,EAS
HG04025,female,ITU,SAS
NA18629,male,CHB,EAS
HG04140,male,BEB,SAS
NA18631,female,CHB,EAS
HG04152,male,BEB,SAS
NA18636,male,CHB,EAS
NA18643,male,CHB,EAS
HG03940,female,BEB,SAS
NA18648,male,CHB,EAS
HG03945,female,STU,SAS
NA18908,male,YRI,AFR
NA18534,male,CHB,EAS
NA18910,male,YRI,AFR
NA18539,female,CHB,EAS
NA18915,male,YRI,AFR
NA18541,female,CHB,EAS
NA18934,male,YRI,AFR
NA18546,male,CHB,EAS
NA18939,female,JPT,EAS
NA18553,female,CHB,EAS
NA18941,female,JPT,EAS
NA18558,male,CHB,EAS
NA18946,female,JPT,EAS
NA18560,female,CHB,EAS
NA18953,male,JPT,EAS
NA18565,female,CHB,EAS
NA18960,male,JPT,EAS
NA18572,male,CHB,EAS
NA18965,male,JPT,EAS
NA18577,female,CHB,EAS
NA10853,male,CEU,EUR
NA18591,female,CHB,EAS
NA10860,male,CEU,EUR
NA18596,female,CHB,EAS
NA10865,male,CEU,EUR
NA18609,male,CHB,EAS
NA11832,female,CEU,EUR
NA18611,male,CHB,EAS
NA11882,female,CEU,EUR
NA18616,female,CHB,EAS
NA11894,female,CEU,EUR
NA18623,male,CHB,EAS
NA11919,male,CEU,EUR
NA18628,female,CHB,EAS
NA11933,female,CEU,EUR
NA18630,female,CHB,EAS
NA11995,female,CEU,EUR
NA18635,male,CHB,EAS
NA12006,female,CEU,EUR
NA18642,female,CHB,EAS
NA12044,female,CEU,EUR
NA18647,male,CHB,EAS
NA12056,male,CEU,EUR
NA10852,female,CEU,EUR
NA12145,female,CEU,EUR
NA10857,male,CEU,EUR
NA12234,female,CEU,EUR
NA10864,female,CEU,EUR
NA12239,female,CEU,EUR
NA11829,male,CEU,EUR
NA12272,male,CEU,EUR
NA11831,male,CEU,EUR
NA12335,male,CEU,EUR
NA11843,male,CEU,EUR
NA12342,male,CEU,EUR
NA11881,male,CEU,EUR
NA12347,male,CEU,EUR
NA11893,male,CEU,EUR
NA12400,female,CEU,EUR
NA11918,female,CEU,EUR
NA12708,female,CEU,EUR
NA11920,female,CEU,EUR
NA12739,male,CEU,EUR
NA11932,male,CEU,EUR
NA12753,female,CEU,EUR
NA11994,male,CEU,EUR
NA12760,male,CEU,EUR
NA12005,male,CEU,EUR
NA12777,male,CEU,EUR
NA12877,male,CEU,EUR
NA12828,female,CEU,EUR
NA12889,male,CEU,EUR
NA12830,female,CEU,EUR
NA12891,male,CEU,EUR
NA12842,male,CEU,EUR
NA18488,female,YRI,AFR
NA12873,female,CEU,EUR
NA18503,male,YRI,AFR
NA19026,male,LWK,AFR
NA18508,female,YRI,AFR
NA19038,female,LWK,AFR
NA18510,male,YRI,AFR
NA19057,female,JPT,EAS
NA18515,male,YRI,AFR
NA19064,female,JPT,EAS
NA18522,male,YRI,AFR
NA19076,male,JPT,EAS
NA18527,female,CHB,EAS
NA19083,male,JPT,EAS
NA12707,male,CEU,EUR
NA19088,male,JPT,EAS
NA12740,female,CEU,EUR
NA19090,female,JPT,EAS
NA12752,male,CEU,EUR
NA19095,female,YRI,AFR
NA12776,female,CEU,EUR
NA18749,male,CHB,EAS
NA12815,female,CEU,EUR
NA18794,male,CHB,EAS
NA12827,male,CEU,EUR
NA18852,female,YRI,AFR
NA12865,female,CEU,EUR
NA18857,male,YRI,AFR
NA12872,male,CEU,EUR
NA18864,female,YRI,AFR
NA12043,male,CEU,EUR
NA18869,male,YRI,AFR
NA12144,male,CEU,EUR
NA18871,male,YRI,AFR
NA12156,female,CEU,EUR
NA18876,female,YRI,AFR
NA12264,male,CEU,EUR
NA18972,female,JPT,EAS
NA12283,female,CEU,EUR
NA18977,male,JPT,EAS
NA12341,female,CEU,EUR
NA18984,male,JPT,EAS
NA12485,male,CEU,EUR
NA18989,male,JPT,EAS
NA07037,female,CEU,EUR
NA18991,female,JPT,EAS
NA07051,male,CEU,EUR
NA19002,female,JPT,EAS
NA07056,female,CEU,EUR
NA19007,male,JPT,EAS
NA07347,male,CEU,EUR
NA19019,female,LWK,AFR
NA10838,male,CEU,EUR
NA19153,male,YRI,AFR
NA10840,female,CEU,EUR
NA19160,male,YRI,AFR
NA10845,male,CEU,EUR
NA19172,female,YRI,AFR
NA18748,male,CHB,EAS
NA19177,male,YRI,AFR
NA18856,male,YRI,AFR
NA19184,male,YRI,AFR
NA18863,male,YRI,AFR
NA19189,male,YRI,AFR
NA18868,male,YRI,AFR
NA19191,male,YRI,AFR
NA18870,female,YRI,AFR
NA19196,female,YRI,AFR
NA18875,female,YRI,AFR
NA19204,female,YRI,AFR
HG04222,male,ITU,SAS
NA19209,female,YRI,AFR
HG04227,female,STU,SAS
NA19211,male,YRI,AFR
HG04239,male,ITU,SAS
NA19350,male,LWK,AFR
NA06995,male,CEU,EUR
NA19355,female,LWK,AFR
HG04195,female,BEB,SAS
NA19374,male,LWK,AFR
NA19379,female,LWK,AFR
HG04210,male,STU,SAS
NA19381,female,LWK,AFR
NA19393,male,LWK,AFR
NA19037,female,LWK,AFR
NA19398,female,LWK,AFR
NA19044,male,LWK,AFR
NA19401,female,LWK,AFR
NA19056,male,JPT,EAS
NA19432,female,LWK,AFR
NA19063,male,JPT,EAS
NA19437,female,LWK,AFR
NA19068,male,JPT,EAS
NA19444,male,LWK,AFR
NA19070,male,JPT,EAS
NA19449,female,LWK,AFR
NA19075,male,JPT,EAS
NA19451,male,LWK,AFR
NA19082,male,JPT,EAS
NA19456,female,LWK,AFR
NA19087,female,JPT,EAS
NA19463,female,LWK,AFR
NA19094,female,YRI,AFR
NA19468,female,LWK,AFR
NA19099,female,YRI,AFR
NA19470,female,LWK,AFR
NA19222,female,YRI,AFR
NA19475,female,LWK,AFR
NA19239,male,YRI,AFR
NA19653,female,MXL,AMR
NA19258,male,YRI,AFR
NA19658,male,MXL,AMR
NA19309,male,LWK,AFR
NA19660,female,MXL,AMR
NA19311,male,LWK,AFR
NA19665,female,MXL,AMR
NA19316,female,LWK,AFR
NA19672,female,MXL,AMR
NA19323,female,LWK,AFR
NA19677,female,MXL,AMR
NA19328,female,LWK,AFR
NA19684,female,MXL,AMR
NA19347,male,LWK,AFR
NA19704,female,ASW,AFR
NA19359,male,LWK,AFR
NA19711,male,ASW,AFR
NA19373,male,LWK,AFR
NA19716,female,MXL,AMR
NA19378,female,LWK,AFR
NA19723,male,MXL,AMR
NA19380,male,LWK,AFR
NA19728,female,MXL,AMR
NA19385,male,LWK,AFR
NA19730,female,MXL,AMR
NA19397,male,LWK,AFR
NA19735,male,MXL,AMR
NA19429,male,LWK,AFR
NA19785,female,MXL,AMR
NA19431,female,LWK,AFR
NA19792,male,MXL,AMR
NA19436,female,LWK,AFR
NA19443,male,LWK,AFR
NA19836,female,ASW,AFR
NA19448,male,LWK,AFR
NA19901,female,ASW,AFR
NA18907,female,YRI,AFR
NA19913,female,ASW,AFR
NA18914,male,YRI,AFR
NA19918,male,ASW,AFR
NA18933,female,YRI,AFR
NA19920,male,ASW,AFR
NA18940,male,JPT,EAS
NA19982,male,ASW,AFR
NA18945,male,JPT,EAS
NA19223,male,YRI,AFR
NA18952,male,JPT,EAS
NA19235,female,YRI,AFR
NA18957,female,JPT,EAS
NA19247,female,YRI,AFR
NA18964,female,JPT,EAS
NA19254,female,YRI,AFR
NA18969,female,JPT,EAS
NA19312,male,LWK,AFR
NA18971,male,JPT,EAS
NA19317,male,LWK,AFR
NA18976,female,JPT,EAS
NA19324,female,LWK,AFR
NA18983,male,JPT,EAS
NA19331,male,LWK,AFR
NA18988,male,JPT,EAS
NA19103,male,YRI,AFR
NA18990,male,JPT,EAS
NA19108,female,YRI,AFR
NA18995,male,JPT,EAS
NA19115,female,YRI,AFR
NA19001,female,JPT,EAS
NA19122,female,YRI,AFR
NA19006,male,JPT,EAS
NA19127,female,YRI,AFR
NA19020,male,LWK,AFR
NA19139,male,YRI,AFR
NA19025,male,LWK,AFR
NA19141,male,YRI,AFR
NA19152,female,YRI,AFR
NA19146,male,YRI,AFR
NA19171,male,YRI,AFR
NA19742,male,MXL,AMR
NA19176,female,YRI,AFR
NA19747,male,MXL,AMR
NA19190,female,YRI,AFR
NA19195,male,YRI,AFR
NA19759,male,MXL,AMR
NA19203,male,YRI,AFR
NA19761,female,MXL,AMR
NA19208,male,YRI,AFR
NA19766,female,MXL,AMR
NA19210,male,YRI,AFR
NA19773,female,MXL,AMR
NA19215,female,YRI,AFR
NA19778,male,MXL,AMR
NA19455,male,LWK,AFR
NA19780,male,MXL,AMR
NA19462,female,LWK,AFR
NA20129,female,ASW,AFR
NA19467,female,LWK,AFR
NA20282,female,ASW,AFR
NA19474,female,LWK,AFR
NA20287,female,ASW,AFR
NA19652,male,MXL,AMR
NA20294,female,ASW,AFR
NA19657,female,MXL,AMR
NA20299,female,ASW,AFR
NA19664,male,MXL,AMR
NA20302,male,ASW,AFR
NA19669,female,MXL,AMR
NA20314,female,ASW,AFR
NA19671,female,MXL,AMR
NA20319,female,ASW,AFR
NA19102,female,YRI,AFR
NA20364,female,ASW,AFR
NA19107,male,YRI,AFR
NA20504,female,TSI,EUR
NA19114,female,YRI,AFR
NA20509,male,TSI,EUR
NA19119,male,YRI,AFR
NA20511,male,TSI,EUR
NA19121,male,YRI,AFR
NA20516,male,TSI,EUR
NA19138,male,YRI,AFR
NA20528,male,TSI,EUR
NA19140,female,YRI,AFR
NA20530,female,TSI,EUR
NA19145,male,YRI,AFR
NA20535,female,TSI,EUR
NA19676,male,MXL,AMR
NA20542,female,TSI,EUR
NA19683,female,MXL,AMR
NA20585,female,TSI,EUR
NA19703,male,ASW,AFR
NA20756,female,TSI,EUR
NA19708,female,ASW,AFR
NA20763,male,TSI,EUR
NA19722,female,MXL,AMR
NA20768,female,TSI,EUR
NA19727,male,MXL,AMR
NA20770,male,TSI,EUR
NA19734,female,MXL,AMR
NA20775,female,TSI,EUR
NA20414,female,ASW,AFR
NA20787,male,TSI,EUR
NA20503,female,TSI,EUR
NA20799,female,TSI,EUR
NA20508,female,TSI,EUR
NA20802,female,TSI,EUR
NA20510,male,TSI,EUR
NA20807,female,TSI,EUR
NA20515,male,TSI,EUR
NA20814,male,TSI,EUR
NA20522,female,TSI,EUR
NA20819,female,TSI,EUR
NA20527,male,TSI,EUR
NA20821,female,TSI,EUR
NA20534,male,TSI,EUR
NA20826,female,TSI,EUR
NA20539,male,TSI,EUR
NA20845,male,GIH,SAS
NA20541,female,TSI,EUR
NA21134,male,GIH,SAS
NA20589,female,TSI,EUR
NA21141,female,GIH,SAS
NA20755,male,TSI,EUR
NA19784,male,MXL,AMR
NA19789,male,MXL,AMR
NA20321,female,ASW,AFR
NA19796,male,MXL,AMR
NA20333,female,ASW,AFR
NA19828,male,ASW,AFR
NA20340,male,ASW,AFR
NA19835,female,ASW,AFR
NA20345,male,ASW,AFR
NA19900,male,ASW,AFR
NA20357,female,ASW,AFR
NA20895,male,GIH,SAS
NA19917,female,ASW,AFR
NA20903,male,GIH,SAS
NA19924,female,ASW,AFR
NA20908,female,GIH,SAS
NA20762,male,TSI,EUR
NA20910,female,GIH,SAS
NA20767,male,TSI,EUR
NA21088,female,GIH,SAS
NA20774,female,TSI,EUR
NA20852,male,GIH,SAS
NA20786,female,TSI,EUR
NA20864,male,GIH,SAS
NA20798,male,TSI,EUR
NA20869,female,GIH,SAS
NA20801,male,TSI,EUR
NA20871,male,GIH,SAS
NA20806,male,TSI,EUR
NA21108,female,GIH,SAS
NA20813,female,TSI,EUR
NA21110,female,GIH,SAS
NA20818,female,TSI,EUR
NA21115,male,GIH,SAS
NA20832,female,TSI,EUR
NA21122,female,GIH,SAS
NA20128,female,ASW,AFR
NA21127,male,GIH,SAS
NA20274,female,ASW,AFR
NA20876,female,GIH,SAS
NA20279,male,ASW,AFR
NA20883,male,GIH,SAS
NA20281,male,ASW,AFR
NA20888,female,GIH,SAS
NA20298,male,ASW,AFR
NA20890,male,GIH,SAS
NA20301,female,ASW,AFR
NA21090,male,GIH,SAS
NA20313,female,ASW,AFR
NA21095,male,GIH,SAS
NA20318,male,ASW,AFR
NA21103,female,GIH,SAS
NA20320,female,ASW,AFR
NA20332,female,ASW,AFR
NA20337,female,ASW,AFR
NA20344,female,ASW,AFR
NA20349,male,ASW,AFR
NA20351,male,ASW,AFR
NA20356,male,ASW,AFR
NA20363,female,ASW,AFR
NA19741,male,MXL,AMR
NA19746,female,MXL,AMR
NA19753,male,MXL,AMR
NA19758,female,MXL,AMR
NA19760,female,MXL,AMR
NA19772,male,MXL,AMR
NA19777,male,MXL,AMR
NA20849,female,GIH,SAS
NA20851,female,GIH,SAS
NA20856,female,GIH,SAS
NA20863,male,GIH,SAS
NA20868,female,GIH,SAS
NA20870,male,GIH,SAS
NA20894,female,GIH,SAS
NA20899,female,GIH,SAS
NA20902,female,GIH,SAS
NA20907,female,GIH,SAS
NA21087,male,GIH,SAS
NA20875,female,GIH,SAS
NA20882,female,GIH,SAS
NA20887,male,GIH,SAS
NA21133,male,GIH,SAS
NA21114,male,GIH,SAS
NA21119,male,GIH,SAS
NA21121,female,GIH,SAS
NA21126,male,GIH,SAS
NA21094,male,GIH,SAS
NA21099,male,GIH,SAS
NA21102,female,GIH,SAS
NA21107,male,GIH,SAS
HG00152,male,GBR,EUR
HG00157,male,GBR,EUR
HG00171,female,FIN,EUR
HG00176,female,FIN,EUR
HG00183,male,FIN,EUR
HG00188,male,FIN,EUR
HG00190,male,FIN,EUR
HG00234,male,GBR,EUR
HG00239,female,GBR,EUR
HG00246,male,GBR,EUR
HG00253,female,GBR,EUR
HG00258,female,GBR,EUR
HG00260,male,GBR,EUR
HG00265,male,GBR,EUR
HG00272,female,FIN,EUR
HG00277,male,FIN,EUR
HG00284,male,FIN,EUR
HG00479,female,CHS,EAS
HG00501,female,CHS,EAS
HG00513,female,CHS,EAS
HG00525,female,CHS,EAS
HG00532,male,CHS,EAS
HG00104,female,GBR,EUR
HG00537,female,CHS,EAS
HG00109,male,GBR,EUR
HG00544,female,CHS,EAS
HG00111,female,GBR,EUR
HG00551,female,PUR,AMR
HG00116,male,GBR,EUR
HG00556,male,CHS,EAS
HG00123,female,GBR,EUR
HG00582,female,CHS,EAS
HG00128,female,GBR,EUR
HG00099,female,GBR,EUR
HG00130,female,GBR,EUR
HG00102,female,GBR,EUR
HG00135,female,GBR,EUR
HG00107,male,GBR,EUR
HG00142,male,GBR,EUR
HG00114,male,GBR,EUR
HG00147,female,GBR,EUR
HG00119,male,GBR,EUR
HG00154,female,GBR,EUR
HG00121,female,GBR,EUR
HG00159,male,GBR,EUR
HG00126,male,GBR,EUR
HG00173,female,FIN,EUR
HG00133,female,GBR,EUR
HG00178,female,FIN,EUR
HG00138,male,GBR,EUR
HG00180,female,FIN,EUR
HG00140,male,GBR,EUR
HG00185,male,FIN,EUR
HG00145,male,GBR,EUR
HG00231,female,GBR,EUR
HG00304,female,FIN,EUR
HG00236,female,GBR,EUR
HG00309,female,FIN,EUR
HG00243,male,GBR,EUR
HG00311,male,FIN,EUR
HG00318,female,FIN,EUR
HG00323,female,FIN,EUR
HG00320,female,FIN,EUR
HG00328,female,FIN,EUR
HG00325,male,FIN,EUR
HG00330,female,FIN,EUR
HG00332,female,FIN,EUR
HG00335,male,FIN,EUR
HG00337,female,FIN,EUR
HG00342,male,FIN,EUR
HG00344,female,FIN,EUR
HG00359,female,FIN,EUR
HG00349,female,FIN,EUR
HG00361,female,FIN,EUR
HG00351,male,FIN,EUR
HG00366,male,FIN,EUR
HG00356,female,FIN,EUR
HG00373,female,FIN,EUR
HG00368,female,FIN,EUR
HG00378,female,FIN,EUR
HG00375,male,FIN,EUR
HG00380,female,FIN,EUR
HG00382,male,FIN,EUR
HG00594,male,CHS,EAS
HG00407,female,CHS,EAS
HG00599,female,CHS,EAS
HG00419,female,CHS,EAS
HG00607,male,CHS,EAS
HG00421,male,CHS,EAS
HG00614,female,CHS,EAS
HG00553,male,PUR,AMR
HG00619,male,CHS,EAS
HG00558,female,CHS,EAS
HG00621,male,CHS,EAS
HG00560,female,CHS,EAS
HG00626,female,CHS,EAS
HG00565,male,CHS,EAS
HG00577,male,CHS,EAS
HG00405,female,CHS,EAS
HG00584,female,CHS,EAS
HG00429,male,CHS,EAS
HG00589,male,CHS,EAS
HG00436,male,CHS,EAS
HG00591,male,CHS,EAS
HG00443,female,CHS,EAS
HG00596,female,CHS,EAS
HG00448,male,CHS,EAS
HG00609,male,CHS,EAS
HG00450,female,CHS,EAS
HG00611,female,CHS,EAS
HG00474,male,CHS,EAS
HG00248,female,GBR,EUR
HG00638,female,PUR,AMR
HG00250,female,GBR,EUR
HG00640,male,PUR,AMR
HG00255,female,GBR,EUR
HG00652,female,CHS,EAS
HG00262,female,GBR,EUR
HG00657,female,CHS,EAS
HG00267,male,FIN,EUR
HG00664,male,CHS,EAS
HG00274,female,FIN,EUR
HG00671,male,CHS,EAS
HG00281,female,FIN,EUR
HG00306,female,FIN,EUR
HG00683,male,CHS,EAS
HG00313,female,FIN,EUR
HG00690,female,CHS,EAS
HG00438,female,CHS,EAS
HG01326,female,PUR,AMR
HG00445,male,CHS,EAS
HG01345,female,CLM,AMR
HG00452,female,CHS,EAS
HG01352,female,CLM,AMR
HG00457,male,CHS,EAS
HG01357,female,CLM,AMR
HG00464,female,CHS,EAS
HG00476,female,CHS,EAS
HG01369,female,CLM,AMR
HG00534,female,CHS,EAS
HG01376,female,CLM,AMR
HG00096,male,GBR,EUR
HG01112,male,CLM,AMR
HG00729,female,CHS,EAS
HG01124,male,CLM,AMR
HG00731,male,PUR,AMR
HG01131,female,CLM,AMR
HG00736,male,PUR,AMR
HG01136,male,CLM,AMR
HG00743,female,PUR,AMR
HG01148,male,CLM,AMR
HG00844,male,CDX,EAS
HG01150,female,CLM,AMR
HG00851,female,CDX,EAS
HG01162,female,PUR,AMR
HG00983,male,CDX,EAS
HG01167,male,PUR,AMR
HG01082,male,PUR,AMR
HG01066,male,PUR,AMR
HG01087,female,PUR,AMR
HG01073,female,PUR,AMR
HG01094,male,PUR,AMR
HG01080,female,PUR,AMR
HG01099,male,PUR,AMR
HG01085,male,PUR,AMR
HG01102,female,PUR,AMR
HG01092,female,PUR,AMR
HG01107,male,PUR,AMR
HG01097,male,PUR,AMR
HG01114,female,CLM,AMR
HG01100,female,PUR,AMR
HG01119,female,CLM,AMR
HG01105,female,PUR,AMR
HG01121,male,CLM,AMR
HG01174,female,PUR,AMR
HG01126,male,CLM,AMR
HG01198,female,PUR,AMR
HG01133,male,CLM,AMR
HG01206,male,PUR,AMR
HG01138,male,CLM,AMR
HG01249,female,PUR,AMR
HG01140,female,CLM,AMR
HG01251,female,CLM,AMR
HG01164,male,PUR,AMR
HG01256,male,CLM,AMR
HG01169,female,PUR,AMR
HG00703,male,CHS,EAS
HG01171,female,PUR,AMR
HG00708,female,CHS,EAS
HG01176,male,PUR,AMR
HG00734,female,PUR,AMR
HG01183,female,PUR,AMR
HG00739,male,PUR,AMR
HG01188,female,PUR,AMR
HG00741,female,PUR,AMR
HG01190,male,PUR,AMR
HG00866,male,CDX,EAS
HG00623,female,CHS,EAS
HG01028,male,CDX,EAS
HG00628,male,CHS,EAS
HG01047,male,PUR,AMR
HG00630,male,CHS,EAS
HG01054,male,PUR,AMR
HG00635,female,CHS,EAS
HG01061,female,PUR,AMR
HG00642,male,PUR,AMR
HG01383,male,CLM,AMR
HG00654,female,CHS,EAS
HG01390,female,CLM,AMR
HG01395,male,PUR,AMR
HG01241,male,PUR,AMR
HG01403,female,PUR,AMR
HG01253,male,CLM,AMR
HG01258,male,CLM,AMR
HG01275,female,CLM,AMR
HG01260,female,CLM,AMR
HG01302,male,PUR,AMR
HG01272,female,CLM,AMR
HG01504,female,IBS,EUR
HG01277,male,CLM,AMR
HG01509,male,IBS,EUR
HG01354,female,CLM,AMR
HG01511,female,IBS,EUR
HG01359,male,CLM,AMR
HG01516,female,IBS,EUR
HG01361,female,CLM,AMR
HG01523,male,IBS,EUR
HG01366,female,CLM,AMR
HG01528,female,IBS,EUR
HG01378,female,CLM,AMR
HG01597,female,KHV,EAS
HG01385,female,CLM,AMR
HG01600,female,KHV,EAS
HG01392,male,PUR,AMR
HG01605,female,IBS,EUR
HG01049,female,PUR,AMR
HG01612,female,IBS,EUR
HG01051,male,PUR,AMR
HG01530,male,IBS,EUR
HG01056,male,PUR,AMR
HG01566,female,PEL,AMR
HG01063,male,PUR,AMR
HG01573,female,PEL,AMR
HG01068,female,PUR,AMR
HG01578,female,PEL,AMR
HG01070,female,PUR,AMR
HG01617,male,IBS,EUR
HG01075,male,PUR,AMR
HG01624,male,IBS,EUR
HG00673,male,CHS,EAS
HG01629,male,IBS,EUR
HG00685,male,CHS,EAS
HG01631,male,IBS,EUR
HG00692,male,CHS,EAS
HG01667,male,IBS,EUR
HG00700,female,CHS,EAS
HG01674,male,IBS,EUR
HG00705,female,CHS,EAS
HG00717,female,CHS,EAS
HG01284,female,CLM,AMR
HG01489,female,CLM,AMR
HG01311,male,PUR,AMR
HG01491,male,CLM,AMR
HG01323,female,PUR,AMR
HG01496,female,CLM,AMR
HG01342,female,CLM,AMR
HG01679,female,IBS,EUR
HG01347,male,CLM,AMR
HG01681,female,IBS,EUR
HG01599,female,KHV,EAS
HG01686,male,IBS,EUR
HG01602,female,IBS,EUR
HG01698,male,IBS,EUR
HG01607,female,IBS,EUR
HG01701,male,IBS,EUR
HG01614,female,IBS,EUR
HG01768,female,IBS,EUR
HG01619,male,IBS,EUR
HG01770,female,IBS,EUR
HG01621,male,IBS,EUR
HG01775,male,IBS,EUR
HG01626,female,IBS,EUR
HG01782,female,IBS,EUR
HG01486,female,CLM,AMR
HG01493,female,CLM,AMR
HG01439,female,CLM,AMR
HG01498,female,CLM,AMR
HG01441,female,CLM,AMR
HG01501,female,IBS,EUR
HG01506,male,IBS,EUR
HG01465,female,CLM,AMR
HG01513,female,IBS,EUR
HG01706,female,IBS,EUR
HG01518,male,IBS,EUR
HG01756,male,IBS,EUR
HG01520,female,IBS,EUR
HG01763,female,IBS,EUR
HG01525,female,IBS,EUR
HG01946,male,PEL,AMR
HG01532,male,IBS,EUR
HG01953,male,PEL,AMR
HG01537,female,IBS,EUR
HG01958,female,ACB,AFR
HG01960,female,ACB,AFR
HG01405,male,PUR,AMR
HG01965,female,PEL,AMR
HG01412,male,PUR,AMR
HG01972,female,PEL,AMR
HG01431,male,CLM,AMR
HG01977,male,PEL,AMR
HG01443,male,CLM,AMR
HG01984,male,PEL,AMR
HG01455,male,CLM,AMR
HG01989,female,ACB,AFR
HG01462,female,CLM,AMR
HG01922,female,PEL,AMR
HG01474,female,CLM,AMR
HG01927,female,PEL,AMR
HG01479,male,CLM,AMR
HG01934,male,PEL,AMR
HG01939,female,PEL,AMR
HG01551,female,CLM,AMR
HG01941,male,PEL,AMR
HG01556,male,CLM,AMR
HG01864,male,KHV,EAS
HG01869,female,KHV,EAS
HG01633,male,IBS,EUR
HG01871,female,KHV,EAS
HG01669,male,IBS,EUR
HG01883,female,ACB,AFR
HG01671,male,IBS,EUR
HG02019,female,KHV,EAS
HG01676,female,IBS,EUR
HG02021,male,KHV,EAS
HG01683,male,IBS,EUR
HG02026,male,KHV,EAS
HG01695,female,IBS,EUR
HG02040,male,KHV,EAS
HG01703,male,IBS,EUR
HG01888,male,ACB,AFR
HG01708,male,IBS,EUR
HG01890,male,ACB,AFR
HG01710,female,IBS,EUR
HG01895,male,ACB,AFR
HG01746,female,IBS,EUR
HG01915,female,ACB,AFR
HG01765,male,IBS,EUR
HG01991,male,PEL,AMR
HG01772,female,IBS,EUR
HG02002,male,PEL,AMR
HG01998,male,PEL,AMR
HG02014,male,ACB,AFR
HG02004,female,PEL,AMR
HG01840,male,KHV,EAS
HG02009,male,ACB,AFR
HG01845,female,KHV,EAS
HG02011,male,ACB,AFR
HG01852,male,KHV,EAS
HG02016,female,KHV,EAS
HG01857,female,KHV,EAS
HG02023,male,KHV,EAS
HG01794,female,CDX,EAS
HG01777,male,IBS,EUR
HG01799,female,CDX,EAS
HG01784,female,IBS,EUR
HG01802,female,CDX,EAS
HG01789,male,GBR,EUR
HG01807,female,CDX,EAS
HG01791,male,GBR,EUR
HG02076,male,KHV,EAS
HG01796,female,CDX,EAS
HG02083,male,KHV,EAS
HG01974,male,PEL,AMR
HG02088,male,KHV,EAS
HG01979,male,PEL,AMR
HG02090,male,PEL,AMR
HG01981,female,PEL,AMR
HG02095,female,ACB,AFR
HG01986,male,ACB,AFR
HG02278,female,PEL,AMR
HG01993,female,PEL,AMR
HG02280,female,ACB,AFR
HG01892,male,PEL,AMR
HG02285,male,PEL,AMR
HG01897,male,ACB,AFR
HG02292,female,PEL,AMR
HG01912,male,ACB,AFR
HG02300,male,PEL,AMR
HG01917,male,PEL,AMR
HG02139,female,KHV,EAS
HG01924,female,PEL,AMR
HG02141,male,KHV,EAS
HG01866,male,KHV,EAS
HG02146,male,PEL,AMR
HG01873,male,KHV,EAS
HG02153,female,CDX,EAS
HG01878,female,KHV,EAS
HG02052,female,ACB,AFR
HG01880,female,ACB,AFR
HG02057,female,KHV,EAS
HG01885,male,ACB,AFR
HG02064,male,KHV,EAS
HG01948,female,PEL,AMR
HG02069,female,KHV,EAS
HG01950,male,PEL,AMR
HG02071,male,KHV,EAS
HG01955,female,PEL,AMR
HG01967,male,PEL,AMR
HG02259,male,PEL,AMR
HG00153,female,GBR,EUR
HG01936,female,PEL,AMR
HG02261,male,PEL,AMR
HG00158,female,GBR,EUR
HG01943,male,PEL,AMR
HG02266,female,PEL,AMR
HG00160,male,GBR,EUR
HG01842,male,KHV,EAS
HG02273,female,PEL,AMR
HG00177,female,FIN,EUR
HG01847,female,KHV,EAS
HG02108,female,ACB,AFR
HG00189,male,FIN,EUR
HG01859,female,KHV,EAS
HG02122,male,KHV,EAS
HG00235,female,GBR,EUR
HG01861,male,KHV,EAS
HG02127,female,KHV,EAS
HG00242,male,GBR,EUR
HG01804,female,CDX,EAS
HG02134,male,KHV,EAS
HG00247,female,GBR,EUR
HG01809,female,CDX,EAS
HG02312,female,PEL,AMR
HG00254,female,GBR,EUR
HG01811,male,CDX,EAS
HG02317,male,ACB,AFR
HG00259,female,GBR,EUR
HG01816,male,CDX,EAS
HG02343,male,ACB,AFR
HG00261,female,GBR,EUR
HG02282,female,ACB,AFR
HG02223,female,IBS,EUR
HG00266,female,FIN,EUR
HG02287,female,PEL,AMR
HG02230,female,IBS,EUR
HG00273,male,FIN,EUR
HG02299,male,PEL,AMR
HG02235,female,IBS,EUR
HG00278,male,FIN,EUR
HG02302,male,PEL,AMR
HG02165,female,CDX,EAS
HG00280,male,FIN,EUR
HG02307,male,ACB,AFR
HG02184,female,CDX,EAS
HG00285,female,FIN,EUR
HG02143,male,ACB,AFR
HG02189,female,CDX,EAS
HG00103,male,GBR,EUR
HG02148,female,PEL,AMR
HG02689,male,PJL,SAS
HG00108,male,GBR,EUR
HG02150,male,PEL,AMR
HG02691,female,PJL,SAS
HG00110,female,GBR,EUR
HG02155,female,CDX,EAS
HG02696,male,PJL,SAS
HG00115,male,GBR,EUR
HG02028,female,KHV,EAS
HG00122,female,GBR,EUR
HG02030,male,KHV,EAS
HG02716,female,GWD,AFR
HG00127,female,GBR,EUR
HG02035,male,KHV,EAS
HG00134,female,GBR,EUR
HG02047,male,KHV,EAS
HG02728,female,PJL,SAS
HG00139,male,GBR,EUR
HG02054,female,ACB,AFR
HG02603,male,PJL,SAS
HG00141,male,GBR,EUR
HG02059,female,KHV,EAS
HG02610,male,GWD,AFR
HG00146,female,GBR,EUR
HG02061,male,KHV,EAS
HG00312,male,FIN,EUR
HG02073,male,KHV,EAS
HG00324,female,FIN,EUR
HG02078,female,KHV,EAS
HG02634,male,GWD,AFR
HG00329,male,FIN,EUR
HG02179,female,CDX,EAS
HG02646,female,GWD,AFR
HG00331,female,FIN,EUR
HG02181,female,CDX,EAS
HG02557,male,ACB,AFR
HG00336,male,FIN,EUR
HG02186,female,CDX,EAS
HG00343,female,FIN,EUR
HG02571,female,GWD,AFR
HG00350,female,FIN,EUR
HG02220,female,IBS,EUR
HG02583,female,GWD,AFR
HG00355,female,FIN,EUR
HG02080,female,KHV,EAS
HG02588,male,GWD,AFR
HG00362,female,FIN,EUR
HG02085,male,KHV,EAS
HG00367,female,FIN,EUR
HG02105,female,PEL,AMR
HG02595,female,GWD,AFR
HG00475,male,CHS,EAS
HG02129,male,KHV,EAS
HG02420,male,ACB,AFR
HG00502,male,CHS,EAS
HG02131,male,KHV,EAS
HG02425,female,PEL,AMR
HG00514,female,CHS,EAS
HG02136,female,KHV,EAS
HG02449,male,ACB,AFR
HG00526,male,CHS,EAS
HG02225,female,IBS,EUR
HG02451,female,ACB,AFR
HG00533,male,CHS,EAS
HG02232,female,IBS,EUR
HG00538,male,CHS,EAS
HG02237,female,IBS,EUR
HG02348,female,PEL,AMR
HG00552,male,PUR,AMR
HG02256,female,ACB,AFR
HG02355,male,CDX,EAS
HG00557,female,CHS,EAS
HG02275,female,PEL,AMR
HG02367,male,CDX,EAS
HG00583,male,CHS,EAS
HG02605,female,PJL,SAS
HG02374,male,CDX,EAS
HG00379,female,FIN,EUR
HG02379,male,CDX,EAS
HG00381,female,FIN,EUR
HG02624,female,GWD,AFR
HG02381,male,CDX,EAS
HG00406,male,CHS,EAS
HG02629,female,GWD,AFR
HG00418,male,CHS,EAS
HG02658,female,PJL,SAS
HG00420,male,CHS,EAS
HG02643,female,GWD,AFR
HG02660,male,PJL,SAS
HG00437,female,CHS,EAS
HG02648,male,PJL,SAS
HG00444,male,CHS,EAS
HG02684,male,PJL,SAS
HG00449,female,CHS,EAS
HG02655,female,PJL,SAS
HG02502,female,ACB,AFR
HG00451,male,CHS,EAS
HG02514,male,KHV,EAS
HG00463,male,CHS,EAS
HG02561,male,GWD,AFR
HG02521,male,KHV,EAS
HG00639,female,PUR,AMR
HG02573,male,GWD,AFR
HG00641,female,PUR,AMR
HG02580,female,ACB,AFR
HG02545,male,ACB,AFR
HG00653,male,CHS,EAS
HG02585,male,GWD,AFR
HG02470,male,ACB,AFR
HG00658,male,CHS,EAS
HG02597,male,PJL,SAS
HG02494,female,PJL,SAS
HG00672,female,CHS,EAS
HG02600,male,PJL,SAS
HG02386,male,CDX,EAS
HG00684,female,CHS,EAS
HG02662,female,PJL,SAS
HG02398,male,CDX,EAS
HG00689,male,CHS,EAS
HG02667,female,GWD,AFR
HG02401,male,CDX,EAS
HG00691,male,CHS,EAS
HG02679,female,GWD,AFR
HG02406,male,CDX,EAS
HG00867,female,CDX,EAS
HG02681,male,PJL,SAS
HG02785,female,PJL,SAS
HG00879,female,CDX,EAS
HG02686,male,PJL,SAS
HG02792,male,PJL,SAS
HG00881,male,CDX,EAS
HG00956,female,CDX,EAS
HG02427,female,ACB,AFR
HG02805,female,GWD,AFR
HG00982,male,CDX,EAS
HG02439,male,ACB,AFR
HG01029,female,CDX,EAS
HG02465,female,GWD,AFR
HG02817,female,GWD,AFR
HG01031,male,CDX,EAS
HG02477,female,ACB,AFR
HG02735,male,PJL,SAS
HG01048,male,PUR,AMR
HG02484,male,ACB,AFR
HG02759,male,GWD,AFR
HG01050,female,PUR,AMR
HG02489,male,ACB,AFR
HG01055,female,PUR,AMR
HG02491,female,PJL,SAS
HG01062,female,PUR,AMR
HG02496,male,ACB,AFR
HG02778,female,PJL,SAS
HG00704,male,CHS,EAS
HG02511,female,ACB,AFR
HG02780,male,PJL,SAS
HG00709,male,CHS,EAS
HG02523,female,KHV,EAS
HG00716,male,CHS,EAS
HG02982,male,GWD,AFR
HG00728,male,CHS,EAS
HG02554,male,ACB,AFR
HG03012,male,BEB,SAS
HG02388,male,CDX,EAS
HG00735,female,PUR,AMR
HG02390,male,CDX,EAS
HG02836,male,GWD,AFR
HG00742,male,PUR,AMR
HG02395,male,CDX,EAS
HG02855,female,GWD,AFR
HG00759,female,CDX,EAS
HG02408,male,CDX,EAS
HG00766,female,CDX,EAS
HG02410,male,CDX,EAS
HG02879,female,GWD,AFR
HG00590,female,CHS,EAS
HG02314,male,ACB,AFR
HG02881,male,GWD,AFR
HG00595,male,CHS,EAS
HG02321,female,ACB,AFR
HG00608,female,CHS,EAS
HG02345,female,PEL,AMR
HG03024,male,GWD,AFR
HG00610,male,CHS,EAS
HG02364,male,CDX,EAS
HG00615,female,CHS,EAS
HG02371,male,CDX,EAS
HG03048,male,GWD,AFR
HG00622,male,CHS,EAS
HG02383,male,CDX,EAS
HG00627,male,CHS,EAS
HG02819,male,GWD,AFR
HG03055,female,MSL,AFR
HG00634,male,CHS,EAS
HG01170,male,PUR,AMR
HG01175,female,PUR,AMR
HG02840,female,GWD,AFR
HG01182,male,PUR,AMR
HG02852,female,GWD,AFR
HG03118,male,ESN,AFR
HG01187,male,PUR,AMR
HG03120,male,ESN,AFR
HG01199,male,PUR,AMR
HG01252,male,CLM,AMR
HG03132,female,ESN,AFR
HG01257,female,CLM,AMR
HG02888,female,GWD,AFR
HG01067,female,PUR,AMR
HG02890,male,GWD,AFR
HG01074,male,PUR,AMR
HG02895,male,GWD,AFR
HG03074,male,MSL,AFR
HG01079,male,PUR,AMR
HG02922,female,ESN,AFR
HG03079,female,MSL,AFR
HG01081,female,PUR,AMR
HG03081,male,MSL,AFR
HG01086,female,PUR,AMR
HG02977,male,ESN,AFR
HG03086,female,MSL,AFR
HG01098,female,PUR,AMR
HG02944,male,ESN,AFR
HG01101,male,PUR,AMR
HG03007,female,BEB,SAS
HG02968,male,ESN,AFR
HG01106,male,PUR,AMR
HG03019,female,PJL,SAS
HG02970,female,ESN,AFR
HG01113,female,CLM,AMR
HG03021,male,PJL,SAS
HG01125,female,CLM,AMR
HG03461,female,MSL,AFR
HG01137,female,CLM,AMR
HG01149,female,CLM,AMR
HG03040,female,GWD,AFR
HG03473,female,MSL,AFR
HG01168,female,PUR,AMR
HG03045,male,GWD,AFR
HG03478,male,MSL,AFR
HG03052,female,MSL,AFR
HG01334,male,GBR,EUR
HG03057,male,MSL,AFR
HG03485,female,MSL,AFR
HG01341,male,CLM,AMR
HG02737,female,PJL,SAS
HG03240,male,GWD,AFR
HG01346,female,CLM,AMR
HG02756,male,GWD,AFR
HG01353,male,CLM,AMR
HG02763,female,GWD,AFR
HG03271,male,ESN,AFR
HG01358,male,CLM,AMR
HG02768,male,GWD,AFR
HG03295,male,ESN,AFR
HG01360,female,CLM,AMR
HG03303,female,ESN,AFR
HG01365,male,CLM,AMR
HG02775,female,PJL,SAS
HG01372,female,CLM,AMR
HG02787,female,PJL,SAS
HG01377,male,CLM,AMR
HG01529,male,IBS,EUR
HG02799,female,GWD,AFR
HG03163,male,ESN,AFR
HG01531,female,IBS,EUR
HG02807,male,GWD,AFR
HG03168,female,ESN,AFR
HG01536,male,IBS,EUR
HG02814,female,GWD,AFR
HG01550,male,CLM,AMR
HG03064,female,MSL,AFR
HG03175,male,ESN,AFR
HG01567,female,PEL,AMR
HG03069,male,MSL,AFR
HG01579,male,PEL,AMR
HG03076,female,MSL,AFR
HG03199,male,ESN,AFR
HG01586,male,PJL,SAS
HG03088,female,MSL,AFR
HG03202,male,ESN,AFR
HG01435,female,CLM,AMR
HG03095,female,MSL,AFR
HG03238,female,PJL,SAS
HG01442,male,CLM,AMR
HG03492,male,PJL,SAS
HG01447,female,CLM,AMR
HG02941,male,ESN,AFR
HG03517,female,ESN,AFR
HG02946,female,ESN,AFR
HG03428,female,MSL,AFR
HG01459,female,CLM,AMR
HG02953,male,ESN,AFR
HG03442,male,MSL,AFR
HG01461,male,CLM,AMR
HG01466,female,CLM,AMR
HG02698,male,PJL,SAS
HG01593,female,PJL,SAS
HG01598,female,KHV,EAS
HG02725,female,PJL,SAS
HG03372,female,ESN,AFR
HG01601,male,IBS,EUR
HG03103,male,ESN,AFR
HG01606,male,IBS,EUR
HG03108,female,ESN,AFR
HG03391,male,MSL,AFR
HG01613,female,IBS,EUR
HG01384,female,CLM,AMR
HG03115,male,ESN,AFR
HG03644,male,STU,SAS
HG01389,male,CLM,AMR
HG03649,male,PJL,SAS
HG01391,female,CLM,AMR
HG03247,female,GWD,AFR
HG01396,female,PUR,AMR
HG03259,female,GWD,AFR
HG03663,male,PJL,SAS
HG03280,male,ESN,AFR
HG03668,female,PJL,SAS
HG01269,female,CLM,AMR
HG03196,male,ESN,AFR
HG01271,male,CLM,AMR
HG03209,male,MSL,AFR
HG01276,female,CLM,AMR
HG03228,male,PJL,SAS
HG03733,female,STU,SAS
HG01303,female,PUR,AMR
HG03738,male,STU,SAS
HG01308,male,PUR,AMR
HG03235,female,PJL,SAS
HG03740,male,STU,SAS
HG03432,male,MSL,AFR
HG03745,male,STU,SAS
HG03437,female,MSL,AFR
HG03606,male,BEB,SAS
HG03449,female,MSL,AFR
HG01485,male,CLM,AMR
HG03451,male,MSL,AFR
HG01492,female,CLM,AMR
HG03625,female,PJL,SAS
HG01497,male,CLM,AMR
HG03343,male,ESN,AFR
HG01500,male,IBS,EUR
HG03702,male,PJL,SAS
HG01618,female,IBS,EUR
HG01620,female,IBS,EUR
HG03367,male,ESN,AFR
HG03714,female,ITU,SAS
HG01625,male,IBS,EUR
HG03752,female,STU,SAS
HG01632,female,IBS,EUR
HG03757,female,STU,SAS
HG01668,female,IBS,EUR
HG03127,male,ESN,AFR
HG01670,female,IBS,EUR
HG03771,male,ITU,SAS
HG01675,male,IBS,EUR
HG03139,male,ESN,AFR
HG01505,male,IBS,EUR
HG03788,male,ITU,SAS
HG01512,male,IBS,EUR
HG03297,female,ESN,AFR
HG03790,male,ITU,SAS
HG01517,female,IBS,EUR
HG03300,female,ESN,AFR
HG01524,male,IBS,EUR
HG01815,female,CDX,EAS
HG03593,male,BEB,SAS
HG01841,female,KHV,EAS
HG03160,male,ESN,AFR
HG03598,female,BEB,SAS
HG01846,male,KHV,EAS
HG03172,male,ESN,AFR
HG03548,female,MSL,AFR
HG01853,female,KHV,EAS
HG03189,female,ESN,AFR
HG03567,female,MSL,AFR
HG01858,female,KHV,EAS
HG01860,male,KHV,EAS
HG03687,male,STU,SAS
HG01771,male,IBS,EUR
HG03694,male,STU,SAS
HG01776,female,IBS,EUR
HG03401,female,MSL,AFR
HG03973,female,ITU,SAS
HG01783,male,IBS,EUR
HG03978,male,ITU,SAS
HG01790,female,GBR,EUR
HG03470,female,MSL,AFR
HG03985,male,STU,SAS
HG01947,male,PEL,AMR
HG03538,male,GWD,AFR
HG01954,female,PEL,AMR
HG01959,female,ACB,AFR
HG03557,female,MSL,AFR
HG03911,male,BEB,SAS
HG01961,male,PEL,AMR
HG03916,female,BEB,SAS
HG01682,male,IBS,EUR
HG03928,female,BEB,SAS
HG01687,female,IBS,EUR
HG03571,male,MSL,AFR
HG03884,female,STU,SAS
HG01694,male,IBS,EUR
HG03896,male,STU,SAS
HG01699,male,IBS,EUR
HG03696,male,STU,SAS
HG01702,female,IBS,EUR
HG03803,male,BEB,SAS
HG01865,male,KHV,EAS
HG03709,female,PJL,SAS
HG03808,female,BEB,SAS
HG01872,male,KHV,EAS
HG03711,male,STU,SAS
HG03815,male,BEB,SAS
HG01884,female,ACB,AFR
HG03716,male,ITU,SAS
HG03822,male,BEB,SAS
HG01923,male,PEL,AMR
HG01928,male,PEL,AMR
HG03499,female,ESN,AFR
HG01935,male,PEL,AMR
HG03514,female,ESN,AFR
HG03947,female,STU,SAS
HG01942,female,PEL,AMR
HG01889,female,ACB,AFR
HG03521,male,ESN,AFR
HG03846,male,STU,SAS
HG01891,female,ACB,AFR
HG04003,male,STU,SAS
HG01896,female,ACB,AFR
HG04015,male,ITU,SAS
HG01916,female,ACB,AFR
HG03646,male,STU,SAS
HG04022,male,ITU,SAS
HG01707,female,IBS,EUR
HG03653,female,PJL,SAS
HG04039,male,STU,SAS
HG01757,female,IBS,EUR
HG03660,male,PJL,SAS
HG03754,female,STU,SAS
HG01795,female,CDX,EAS
HG04060,male,ITU,SAS
HG01808,female,CDX,EAS
HG03858,female,STU,SAS
HG01810,male,CDX,EAS
HG03773,male,ITU,SAS
HG03872,male,ITU,SAS
HG01992,female,PEL,AMR
HG03583,female,MSL,AFR
NA12146,male,CEU,EUR
HG01997,female,PEL,AMR
NA12273,female,CEU,EUR
HG02003,female,PEL,AMR
HG03595,female,BEB,SAS
NA12329,female,CEU,EUR
HG02008,male,PEL,AMR
HG03603,male,BEB,SAS
NA12336,female,CEU,EUR
HG02010,female,ACB,AFR
HG03672,male,STU,SAS
NA12343,female,CEU,EUR
HG02015,male,KHV,EAS
HG03684,female,STU,SAS
NA12348,female,CEU,EUR
HG02077,male,KHV,EAS
HG03689,female,STU,SAS
NA12386,female,CEU,EUR
HG02084,female,KHV,EAS
HG03691,male,STU,SAS
NA12413,male,CEU,EUR
HG02089,female,PEL,AMR
HG03615,male,BEB,SAS
NA12716,male,CEU,EUR
HG02091,female,PEL,AMR
HG03634,female,PJL,SAS
NA12761,female,CEU,EUR
HG02104,male,PEL,AMR
NA12766,male,CEU,EUR
HG02111,female,ACB,AFR
HG03730,female,ITU,SAS
NA12778,female,CEU,EUR
HG02116,male,KHV,EAS
HG03742,male,ITU,SAS
NA12812,male,CEU,EUR
HG02128,male,KHV,EAS
HG03999,male,STU,SAS
NA12817,male,CEU,EUR
HG02130,female,KHV,EAS
HG04017,male,ITU,SAS
NA12829,male,CEU,EUR
HG02135,male,KHV,EAS
NA12843,female,CEU,EUR
HG02166,female,CDX,EAS
HG04029,female,STU,SAS
NA12874,male,CEU,EUR
NA18485,male,YRI,AFR
HG02178,female,CDX,EAS
HG04229,male,STU,SAS
HG02180,female,CDX,EAS
HG03886,female,STU,SAS
HG02185,female,CDX,EAS
HG03898,female,STU,SAS
NA06985,female,CEU,EUR
NA06997,female,CEU,EUR
HG02224,male,IBS,EUR
HG03848,male,STU,SAS
NA07022,male,CEU,EUR
HG02229,female,IBS,EUR
HG03850,male,STU,SAS
NA07034,male,CEU,EUR
HG02231,male,IBS,EUR
HG03862,female,ITU,SAS
NA07349,male,CEU,EUR
HG02236,male,IBS,EUR
HG03867,male,ITU,SAS
NA10830,male,CEU,EUR
HG02250,male,CDX,EAS
HG03874,female,ITU,SAS
NA10835,male,CEU,EUR
HG02142,female,KHV,EAS
HG03824,male,BEB,SAS
NA10842,male,CEU,EUR
HG02147,female,PEL,AMR
HG03829,female,BEB,SAS
NA10847,female,CEU,EUR
HG02154,female,CDX,EAS
NA10854,female,CEU,EUR
HG01973,female,PEL,AMR
HG03836,female,STU,SAS
NA10859,female,CEU,EUR
HG01978,female,PEL,AMR
HG03937,female,BEB,SAS
NA10861,female,CEU,EUR
HG01980,female,PEL,AMR
HG03944,female,STU,SAS
NA11840,female,CEU,EUR
HG01985,female,ACB,AFR
HG03949,female,STU,SAS
NA12045,male,CEU,EUR
HG02053,male,ACB,AFR
HG03951,female,STU,SAS
NA12057,female,CEU,EUR
HG02058,male,KHV,EAS
HG04173,male,BEB,SAS
HG02060,female,KHV,EAS
HG03800,male,BEB,SAS
HG04180,female,BEB,SAS
HG02072,female,KHV,EAS
HG03805,female,BEB,SAS
HG04185,male,BEB,SAS
HG02027,male,KHV,EAS
HG03812,male,BEB,SAS
HG02046,female,KHV,EAS
HG03817,female,BEB,SAS
HG02419,female,ACB,AFR
HG04200,female,ITU,SAS
HG02433,male,ACB,AFR
HG03913,female,BEB,SAS
HG04212,female,ITU,SAS
HG02445,male,ACB,AFR
HG03920,male,BEB,SAS
HG02464,male,GWD,AFR
HG03925,female,BEB,SAS
HG02558,female,ACB,AFR
HG03963,male,ITU,SAS
HG03968,female,ITU,SAS
HG04159,female,BEB,SAS
HG02577,female,ACB,AFR
HG04161,male,BEB,SAS
HG03778,male,ITU,SAS
HG04096,male,ITU,SAS
HG02589,female,GWD,AFR
HG03780,female,ITU,SAS
HG03785,male,ITU,SAS
HG02279,male,PEL,AMR
HG03792,male,ITU,SAS
NA18555,female,CHB,EAS
HG02281,male,ACB,AFR
NA12155,male,CEU,EUR
NA18562,male,CHB,EAS
HG02286,female,PEL,AMR
NA12249,female,CEU,EUR
NA18567,female,CHB,EAS
HG02293,female,PEL,AMR
NA12275,female,CEU,EUR
NA18574,female,CHB,EAS
HG02298,female,PEL,AMR
NA12282,male,CEU,EUR
NA18579,female,CHB,EAS
HG02301,female,PEL,AMR
NA12287,female,CEU,EUR
NA18593,female,CHB,EAS
HG02471,female,ACB,AFR
NA12340,male,CEU,EUR
NA18606,male,CHB,EAS
HG02476,female,ACB,AFR
NA12376,female,CEU,EUR
NA18613,male,CHB,EAS
HG02490,male,PJL,SAS
NA12383,female,CEU,EUR
NA18618,female,CHB,EAS
NA12489,female,CEU,EUR
NA18620,male,CHB,EAS
HG02318,female,ACB,AFR
NA10851,male,CEU,EUR
NA18625,female,CHB,EAS
HG02325,female,ACB,AFR
NA10856,male,CEU,EUR
NA18632,male,CHB,EAS
HG02332,male,ACB,AFR
NA10863,female,CEU,EUR
NA18637,male,CHB,EAS
HG02337,female,ACB,AFR
NA11830,female,CEU,EUR
NA18644,female,CHB,EAS
NA11892,female,CEU,EUR
NA18740,male,CHB,EAS
HG02508,female,ACB,AFR
NA11917,male,CEU,EUR
NA18745,male,CHB,EAS
HG02522,female,KHV,EAS
NA11931,female,CEU,EUR
NA18757,male,CHB,EAS
HG02541,male,ACB,AFR
NA11993,female,CEU,EUR
NA18795,female,CHB,EAS
HG02546,female,ACB,AFR
NA12004,female,CEU,EUR
NA18853,male,YRI,AFR
HG02351,male,CDX,EAS
HG04238,male,ITU,SAS
NA18916,female,YRI,AFR
HG02356,male,CDX,EAS
NA18923,male,YRI,AFR
HG02363,male,CDX,EAS
NA06994,male,CEU,EUR
NA18930,female,YRI,AFR
HG02375,male,CDX,EAS
NA07000,female,CEU,EUR
NA18935,male,YRI,AFR
HG02382,male,CDX,EAS
NA07029,male,CEU,EUR
NA18942,female,JPT,EAS
HG02387,male,CDX,EAS
NA07031,female,CEU,EUR
NA18947,female,JPT,EAS
HG02394,male,CDX,EAS
NA07048,male,CEU,EUR
NA18954,female,JPT,EAS
HG02399,male,CDX,EAS
NA07055,female,CEU,EUR
NA18959,male,JPT,EAS
HG02402,male,CDX,EAS
NA07346,female,CEU,EUR
NA18961,male,JPT,EAS
HG02407,male,CDX,EAS
NA07435,male,CEU,EUR
NA18966,male,JPT,EAS
HG02255,male,ACB,AFR
NA10837,male,CEU,EUR
NA18973,female,JPT,EAS
HG02262,male,PEL,AMR
HG04194,male,BEB,SAS
NA18978,female,JPT,EAS
NA19046,male,LWK,AFR
HG02274,male,PEL,AMR
HG04202,female,ITU,SAS
NA19058,male,JPT,EAS
HG02604,female,PJL,SAS
HG04214,female,ITU,SAS
NA19060,male,JPT,EAS
HG02611,female,GWD,AFR
HG04219,male,ITU,SAS
NA19065,female,JPT,EAS
HG02623,male,GWD,AFR
HG04093,male,ITU,SAS
NA19072,male,JPT,EAS
HG02628,male,GWD,AFR
HG04098,male,ITU,SAS
NA19077,female,JPT,EAS
HG04106,female,STU,SAS
NA19084,female,JPT,EAS
HG02635,female,GWD,AFR
HG04118,female,ITU,SAS
NA19089,male,JPT,EAS
HG02642,male,GWD,AFR
NA19091,male,JPT,EAS
NA19096,male,YRI,AFR
NA19104,male,YRI,AFR
HG02786,male,PJL,SAS
HG04062,female,ITU,SAS
NA19109,female,YRI,AFR
HG02793,female,PJL,SAS
NA18497,male,YRI,AFR
HG02798,male,GWD,AFR
HG04144,female,BEB,SAS
NA18500,male,YRI,AFR
NA18505,female,YRI,AFR
HG02813,male,GWD,AFR
NA18517,female,YRI,AFR
HG04156,female,BEB,SAS
NA18531,female,CHB,EAS
HG02971,male,ESN,AFR
NA18536,male,CHB,EAS
HG02976,female,ESN,AFR
HG04182,male,BEB,SAS
NA18543,male,CHB,EAS
HG02983,female,GWD,AFR
NA18548,male,CHB,EAS
HG03006,male,BEB,SAS
NA18538,female,CHB,EAS
NA18550,female,CHB,EAS
HG03018,male,PJL,SAS
NA18545,female,CHB,EAS
NA19116,female,YRI,AFR
HG02654,male,PJL,SAS
NA18552,female,CHB,EAS
NA19123,male,YRI,AFR
HG02659,female,PJL,SAS
NA18557,male,CHB,EAS
NA19128,male,YRI,AFR
HG02661,female,PJL,SAS
NA18564,female,CHB,EAS
NA19130,male,YRI,AFR
HG02666,male,GWD,AFR
NA18571,female,CHB,EAS
NA19142,male,YRI,AFR
HG02678,male,GWD,AFR
NA18576,female,CHB,EAS
NA19147,female,YRI,AFR
NA18595,female,CHB,EAS
NA19154,male,YRI,AFR
HG02685,female,PJL,SAS
NA18603,male,CHB,EAS
NA19159,female,YRI,AFR
NA18608,male,CHB,EAS
NA19161,male,YRI,AFR
HG02697,female,PJL,SAS
NA18610,female,CHB,EAS
NA19166,female,YRI,AFR
HG02700,female,PJL,SAS
NA18615,female,CHB,EAS
NA19173,male,YRI,AFR
NA18622,male,CHB,EAS
NA18858,female,YRI,AFR
HG02724,male,PJL,SAS
NA18627,female,CHB,EAS
NA18860,male,YRI,AFR
HG02729,male,PJL,SAS
NA18634,female,CHB,EAS
NA18865,male,YRI,AFR
HG02731,female,PJL,SAS
NA18639,male,CHB,EAS
NA18872,male,YRI,AFR
HG02736,male,PJL,SAS
NA18641,female,CHB,EAS
NA18877,male,YRI,AFR
NA18646,female,CHB,EAS
NA18909,female,YRI,AFR
HG02774,male,PJL,SAS
NA18747,male,CHB,EAS
NA18911,male,YRI,AFR
NA19031,male,LWK,AFR
NA19248,male,YRI,AFR
HG02820,female,GWD,AFR
NA19036,female,LWK,AFR
NA19313,female,LWK,AFR
HG02837,female,GWD,AFR
NA19043,male,LWK,AFR
NA19318,male,LWK,AFR
HG02851,male,GWD,AFR
NA19055,male,JPT,EAS
NA19320,female,LWK,AFR
NA19062,male,JPT,EAS
NA19332,female,LWK,AFR
HG02870,female,GWD,AFR
NA19067,male,JPT,EAS
NA19351,female,LWK,AFR
HG02882,female,GWD,AFR
NA19074,female,JPT,EAS
NA19375,male,LWK,AFR
HG02887,male,GWD,AFR
NA19079,male,JPT,EAS
NA18980,female,JPT,EAS
HG03025,female,GWD,AFR
NA19081,female,JPT,EAS
NA18985,male,JPT,EAS
HG03049,female,GWD,AFR
NA19086,male,JPT,EAS
NA18992,female,JPT,EAS
NA19093,female,YRI,AFR
NA18997,female,JPT,EAS
HG02938,male,ESN,AFR
NA19098,male,YRI,AFR
NA19003,female,JPT,EAS
NA12890,female,CEU,EUR
NA19010,female,JPT,EAS
HG02952,female,ESN,AFR
NA18487,male,YRI,AFR
NA19027,male,LWK,AFR
NA18499,female,YRI,AFR
NA19041,male,LWK,AFR
NA18502,female,YRI,AFR
NA19185,female,YRI,AFR
HG03239,female,PJL,SAS
NA18507,male,YRI,AFR
NA19197,female,YRI,AFR
HG03241,female,GWD,AFR
NA18519,male,YRI,AFR
NA19200,male,YRI,AFR
HG03246,male,GWD,AFR
NA18521,male,YRI,AFR
NA19205,male,YRI,AFR
HG03258,male,GWD,AFR
NA18526,female,CHB,EAS
NA19224,male,YRI,AFR
NA18533,female,CHB,EAS
NA19236,male,YRI,AFR
HG03265,male,ESN,AFR
NA18968,female,JPT,EAS
NA20517,female,TSI,EUR
NA18970,male,JPT,EAS
NA20524,male,TSI,EUR
HG03291,female,ESN,AFR
NA18975,female,JPT,EAS
NA20529,female,TSI,EUR
HG03342,female,ESN,AFR
NA18982,male,JPT,EAS
NA20531,female,TSI,EUR
HG03354,female,ESN,AFR
NA18987,female,JPT,EAS
NA20536,male,TSI,EUR
NA18994,male,JPT,EAS
NA20543,male,TSI,EUR
HG03366,female,ESN,AFR
NA18999,female,JPT,EAS
NA20581,male,TSI,EUR
NA19000,male,JPT,EAS
NA20586,male,TSI,EUR
NA19005,male,JPT,EAS
NA20752,male,TSI,EUR
HG03169,male,ESN,AFR
NA19012,male,JPT,EAS
NA20757,female,TSI,EUR
HG03171,female,ESN,AFR
NA19017,female,LWK,AFR
NA20764,female,TSI,EUR
NA19024,female,LWK,AFR
NA20769,female,TSI,EUR
HG03190,male,ESN,AFR
NA12718,female,CEU,EUR
NA20771,female,TSI,EUR
HG03121,female,ESN,AFR
NA12749,female,CEU,EUR
HG03126,female,ESN,AFR
NA12751,female,CEU,EUR
NA19818,male,ASW,AFR
HG03133,male,ESN,AFR
NA12763,female,CEU,EUR
NA19902,female,ASW,AFR
NA12775,male,CEU,EUR
NA19914,female,ASW,AFR
HG03157,male,ESN,AFR
NA12802,female,CEU,EUR
NA19919,male,ASW,AFR
NA12814,male,CEU,EUR
NA19921,female,ASW,AFR
HG03304,male,ESN,AFR
NA12864,male,CEU,EUR
NA19983,female,ASW,AFR
NA18879,male,YRI,AFR
NA20276,female,ASW,AFR
HG03311,male,ESN,AFR
NA18881,female,YRI,AFR
NA20783,male,TSI,EUR
HG03195,female,ESN,AFR
NA18906,female,YRI,AFR
NA20790,female,TSI,EUR
NA18913,male,YRI,AFR
NA20795,female,TSI,EUR
HG03234,male,PJL,SAS
NA18925,male,YRI,AFR
NA20803,male,TSI,EUR
HG03099,female,ESN,AFR
NA18944,male,JPT,EAS
NA20808,female,TSI,EUR
NA18949,female,JPT,EAS
NA20810,male,TSI,EUR
HG03114,female,ESN,AFR
NA18951,female,JPT,EAS
NA20815,male,TSI,EUR
NA18956,female,JPT,EAS
NA20822,female,TSI,EUR
HG03378,female,MSL,AFR
NA18963,female,JPT,EAS
NA20827,male,TSI,EUR
HG03380,female,MSL,AFR
NA19101,male,YRI,AFR
NA20846,male,GIH,SAS
HG03385,male,MSL,AFR
NA19113,male,YRI,AFR
NA20853,female,GIH,SAS
HG03397,male,MSL,AFR
NA19118,female,YRI,AFR
NA19469,female,LWK,AFR
HG03063,male,MSL,AFR
NA19120,male,YRI,AFR
NA19471,female,LWK,AFR
HG03082,female,MSL,AFR
NA19132,female,YRI,AFR
NA19654,female,MXL,AMR
HG03486,female,MSL,AFR
NA19137,female,YRI,AFR
NA19659,female,MXL,AMR
NA19144,male,YRI,AFR
NA19661,male,MXL,AMR
NA19149,female,YRI,AFR
NA19678,female,MXL,AMR
HG03518,male,ESN,AFR
NA19151,female,YRI,AFR
NA19680,female,MXL,AMR
HG03520,female,ESN,AFR
NA19175,male,YRI,AFR
NA19685,male,MXL,AMR
HG03607,female,BEB,SAS
NA19199,female,YRI,AFR
NA19700,male,ASW,AFR
HG03619,female,PJL,SAS
NA19202,female,YRI,AFR
NA19705,male,ASW,AFR
NA19207,male,YRI,AFR
NA19712,female,ASW,AFR
NA19214,female,YRI,AFR
NA19717,male,MXL,AMR
HG03633,male,PJL,SAS
NA18855,female,YRI,AFR
NA19724,male,MXL,AMR
NA18862,male,YRI,AFR
NA19729,male,MXL,AMR
NA18867,female,YRI,AFR
NA19731,female,MXL,AMR
NA18874,male,YRI,AFR
NA19748,female,MXL,AMR
HG03690,female,STU,SAS
NA19221,female,YRI,AFR
NA19750,male,MXL,AMR
HG03695,male,STU,SAS
NA19226,male,YRI,AFR
NA20339,female,ASW,AFR
HG03640,female,PJL,SAS
NA19238,female,YRI,AFR
NA20341,female,ASW,AFR
HG03645,female,STU,SAS
NA19240,female,YRI,AFR
NA20346,male,ASW,AFR
HG03652,male,PJL,SAS
NA19252,male,YRI,AFR
NA20358,male,ASW,AFR
NA19257,female,YRI,AFR
NA20360,male,ASW,AFR
NA19308,male,LWK,AFR
NA20505,female,TSI,EUR
HG03582,male,MSL,AFR
NA19310,female,LWK,AFR
NA20512,male,TSI,EUR
NA19315,female,LWK,AFR
NA19382,male,LWK,AFR
HG03594,male,BEB,SAS
NA19327,female,LWK,AFR
NA19394,male,LWK,AFR
NA19334,male,LWK,AFR
NA19399,female,LWK,AFR
NA20413,male,ASW,AFR
NA19438,female,LWK,AFR
HG03703,female,PJL,SAS
NA20502,female,TSI,EUR
NA19440,female,LWK,AFR
HG03708,male,PJL,SAS
NA20507,female,TSI,EUR
NA19445,female,LWK,AFR
NA20514,female,TSI,EUR
NA19452,male,LWK,AFR
HG03715,male,ITU,SAS
NA20519,male,TSI,EUR
NA19457,female,LWK,AFR
NA20521,male,TSI,EUR
NA19755,female,MXL,AMR
HG03556,male,MSL,AFR
NA20526,female,TSI,EUR
NA19762,male,MXL,AMR
HG03563,female,MSL,AFR
NA20533,female,TSI,EUR
NA19774,male,MXL,AMR
HG03575,female,MSL,AFR
NA20538,male,TSI,EUR
NA19779,female,MXL,AMR
NA20540,female,TSI,EUR
NA19781,female,MXL,AMR
HG03436,male,MSL,AFR
NA20588,male,TSI,EUR
NA19786,male,MXL,AMR
NA20754,male,TSI,EUR
NA20288,male,ASW,AFR
HG03455,female,MSL,AFR
NA20759,male,TSI,EUR
NA20290,female,ASW,AFR
NA19346,male,LWK,AFR
NA20295,male,ASW,AFR
NA19360,male,LWK,AFR
NA20322,female,ASW,AFR
HG03479,female,MSL,AFR
NA19372,male,LWK,AFR
NA20334,female,ASW,AFR
HG03931,female,BEB,SAS
NA19377,female,LWK,AFR
NA21142,female,GIH,SAS
HG03943,male,STU,SAS
NA19384,male,LWK,AFR
HG03948,female,STU,SAS
NA19391,female,LWK,AFR
HG03950,male,STU,SAS
NA19396,female,LWK,AFR
HG03955,female,STU,SAS
NA19404,female,LWK,AFR
HG03823,female,BEB,SAS
NA19428,male,LWK,AFR
HG03830,male,BEB,SAS
NA19430,male,LWK,AFR
NA19435,female,LWK,AFR
NA19454,male,LWK,AFR
NA19461,male,LWK,AFR
HG03753,male,STU,SAS
NA19466,male,LWK,AFR
HG03760,female,STU,SAS
NA19473,female,LWK,AFR
HG03765,female,PJL,SAS
NA19625,female,ASW,AFR
HG03772,female,ITU,SAS
NA19649,male,MXL,AMR
NA20904,male,GIH,SAS
HG03722,female,ITU,SAS
NA19651,female,MXL,AMR
NA20909,male,GIH,SAS
HG03727,male,ITU,SAS
NA19656,female,MXL,AMR
NA20911,male,GIH,SAS
HG03741,female,STU,SAS
NA19663,female,MXL,AMR
NA21089,female,GIH,SAS
HG03746,male,STU,SAS
NA19670,male,MXL,AMR
NA21091,male,GIH,SAS
HG03777,male,ITU,SAS
NA19788,female,MXL,AMR
NA20884,male,GIH,SAS
HG03784,female,ITU,SAS
NA19790,female,MXL,AMR
NA20889,male,GIH,SAS
HG03789,female,ITU,SAS
NA19795,male,MXL,AMR
NA20891,male,GIH,SAS
HG03796,female,BEB,SAS
NA19834,male,ASW,AFR
NA20896,female,GIH,SAS
NA19904,male,ASW,AFR
NA21116,male,GIH,SAS
HG03809,male,BEB,SAS
NA19909,female,ASW,AFR
NA21123,male,GIH,SAS
NA19916,male,ASW,AFR
NA21128,male,GIH,SAS
NA19923,female,ASW,AFR
NA21130,male,GIH,SAS
HG03905,male,BEB,SAS
NA19985,female,ASW,AFR
NA21135,male,GIH,SAS
HG03917,male,BEB,SAS
NA20127,female,ASW,AFR
NA20858,male,GIH,SAS
NA19675,female,MXL,AMR
NA20872,female,GIH,SAS
NA19682,male,MXL,AMR
NA20877,female,GIH,SAS
HG03885,male,STU,SAS
NA19702,male,ASW,AFR
NA21104,male,GIH,SAS
HG03897,female,STU,SAS
NA19707,female,ASW,AFR
NA21109,male,GIH,SAS
HG03900,male,STU,SAS
NA19714,female,ASW,AFR
NA21111,male,GIH,SAS
HG03854,male,STU,SAS
NA19719,female,MXL,AMR
HG03861,female,ITU,SAS
NA19721,female,MXL,AMR
HG03866,male,ITU,SAS
NA19726,male,MXL,AMR
HG03873,female,ITU,SAS
NA19733,female,MXL,AMR
NA07340,female,CEU,EUR
NA19738,male,MXL,AMR
NA07345,female,CEU,EUR
NA19740,female,MXL,AMR
NA07357,male,CEU,EUR
NA19752,female,MXL,AMR
NA10831,female,CEU,EUR
NA19757,male,MXL,AMR
NA10836,female,CEU,EUR
NA19764,female,MXL,AMR
NA10843,female,CEU,EUR
NA19771,male,MXL,AMR
NA10850,female,CEU,EUR
NA19776,female,MXL,AMR
NA19783,male,MXL,AMR
NA06986,male,CEU,EUR
NA20278,male,ASW,AFR
NA06993,male,CEU,EUR
NA20285,male,ASW,AFR
HG04042,female,STU,SAS
NA20292,female,ASW,AFR
HG04047,female,STU,SAS
NA20297,male,ASW,AFR
HG04054,female,ITU,SAS
NA20300,female,ASW,AFR
HG04059,female,ITU,SAS
NA20312,female,ASW,AFR
HG04061,male,ITU,SAS
NA20317,female,ASW,AFR
HG04080,male,ITU,SAS
NA20336,female,ASW,AFR
NA20343,male,ASW,AFR
NA20348,male,ASW,AFR
HG04155,male,BEB,SAS
NA20350,male,ASW,AFR
HG04162,female,BEB,SAS
NA20355,female,ASW,AFR
NA20362,male,ASW,AFR
NA20761,female,TSI,EUR
HG04186,female,BEB,SAS
NA20766,female,TSI,EUR
NA20773,female,TSI,EUR
HG04100,male,STU,SAS
NA20778,male,TSI,EUR
HG04131,male,BEB,SAS
NA20785,male,TSI,EUR
NA20792,male,TSI,EUR
HG04198,male,ITU,SAS
NA20797,female,TSI,EUR
HG04206,male,ITU,SAS
NA20800,female,TSI,EUR
HG04225,male,ITU,SAS
NA20805,male,TSI,EUR
HG03967,male,ITU,SAS
NA20812,male,TSI,EUR
HG03974,male,ITU,SAS
NA20829,male,TSI,EUR
HG03986,female,STU,SAS
NA20831,male,TSI,EUR
HG03998,male,STU,SAS
NA21137,female,GIH,SAS
HG04023,male,ITU,SAS
NA21144,female,GIH,SAS
HG04035,female,STU,SAS
NA18486,male,YRI,AFR
NA18498,male,YRI,AFR
NA18501,male,YRI,AFR
NA20874,female,GIH,SAS
NA18506,male,YRI,AFR
NA20879,female,GIH,SAS
NA18518,female,YRI,AFR
NA20881,female,GIH,SAS
NA18520,female,YRI,AFR
NA20886,female,GIH,SAS
NA18525,female,CHB,EAS
NA20893,female,GIH,SAS
NA18532,female,CHB,EAS
NA20898,male,GIH,SAS
NA18537,female,CHB,EAS
NA20901,male,GIH,SAS
NA18544,male,CHB,EAS
NA20906,female,GIH,SAS
NA18549,male,CHB,EAS
NA21086,female,GIH,SAS
NA18563,male,CHB,EAS
NA18570,female,CHB,EAS
NA18582,female,CHB,EAS
NA18599,female,CHB,EAS
NA18602,female,CHB,EAS
NA18614,female,CHB,EAS
NA21113,male,GIH,SAS
NA18619,female,CHB,EAS
NA21118,male,GIH,SAS
NA18621,male,CHB,EAS
NA21120,female,GIH,SAS
NA18626,female,CHB,EAS
NA21125,female,GIH,SAS
NA18633,male,CHB,EAS
NA21093,male,GIH,SAS
NA18638,male,CHB,EAS
NA21098,male,GIH,SAS
NA18640,female,CHB,EAS
NA21101,female,GIH,SAS
NA18645,male,CHB,EAS
NA21106,female,GIH,SAS
NA18791,male,CHB,EAS
NA20850,male,GIH,SAS
NA18979,female,JPT,EAS
NA20862,female,GIH,SAS
NA18981,female,JPT,EAS
NA20867,male,GIH,SAS
NA18986,male,JPT,EAS
NA18993,female,JPT,EAS
NA18998,female,JPT,EAS
NA19004,male,JPT,EAS
NA19009,male,JPT,EAS
NA19011,female,JPT,EAS
NA19023,female,LWK,AFR
NA19028,male,LWK,AFR
NA19030,female,LWK,AFR
NA19035,male,LWK,AFR
NA19042,female,LWK,AFR
NA19054,female,JPT,EAS
NA19059,female,JPT,EAS
NA19066,male,JPT,EAS
NA19078,female,JPT,EAS
NA19080,female,JPT,EAS
NA19085,male,JPT,EAS
NA19092,male,YRI,AFR
NA19097,female,YRI,AFR
NA19100,female,YRI,AFR
NA19105,female,YRI,AFR
NA12154,male,CEU,EUR
NA12248,male,CEU,EUR
NA12274,male,CEU,EUR
NA12286,male,CEU,EUR
NA12344,male,CEU,EUR
NA12375,male,CEU,EUR
NA12399,male,CEU,EUR
NA12414,female,CEU,EUR
NA12546,male,CEU,EUR
NA12717,female,CEU,EUR
NA12748,male,CEU,EUR
NA12750,male,CEU,EUR
NA12762,male,CEU,EUR
NA12767,female,CEU,EUR
NA12801,male,CEU,EUR
NA12813,female,CEU,EUR
NA12818,female,CEU,EUR
NA12832,female,CEU,EUR
NA12875,female,CEU,EUR
NA18912,female,YRI,AFR
NA18917,male,YRI,AFR
NA18924,female,YRI,AFR
NA18943,male,JPT,EAS
NA18948,male,JPT,EAS
NA18950,female,JPT,EAS
NA18955,male,JPT,EAS
NA18962,male,JPT,EAS
NA18967,male,JPT,EAS
NA18974,male,JPT,EAS
NA10855,female,CEU,EUR
NA11839,male,CEU,EUR
NA11891,male,CEU,EUR
NA11930,male,CEU,EUR
NA11992,male,CEU,EUR
NA12003,male,CEU,EUR
NA12046,female,CEU,EUR
NA12058,female,CEU,EUR
NA18854,male,YRI,AFR
NA18859,male,YRI,AFR
NA18861,female,YRI,AFR
NA18873,female,YRI,AFR
NA18878,female,YRI,AFR
NA19472,female,LWK,AFR
NA19648,female,MXL,AMR
NA19650,male,MXL,AMR
NA19655,male,MXL,AMR
NA19662,female,MXL,AMR
NA19674,male,MXL,AMR
NA19679,male,MXL,AMR
NA19681,female,MXL,AMR
NA19249,male,YRI,AFR
NA19256,male,YRI,AFR
NA19307,male,LWK,AFR
NA19314,female,LWK,AFR
NA19319,male,LWK,AFR
NA19321,female,LWK,AFR
NA19338,female,LWK,AFR
NA19352,male,LWK,AFR
NA19371,male,LWK,AFR
NA19376,male,LWK,AFR
NA19686,female,MXL,AMR
NA19701,female,ASW,AFR
NA19713,female,ASW,AFR
NA19718,female,MXL,AMR
NA19720,male,MXL,AMR
NA19725,female,MXL,AMR
NA19732,male,MXL,AMR
NA19737,female,MXL,AMR
NA19749,female,MXL,AMR
NA19174,male,YRI,AFR
NA19186,male,YRI,AFR
NA19198,male,YRI,AFR
NA19201,female,YRI,AFR
NA19206,female,YRI,AFR
NA19213,male,YRI,AFR
NA19225,female,YRI,AFR
NA19237,female,YRI,AFR
NA19383,male,LWK,AFR
NA19390,female,LWK,AFR
NA19395,female,LWK,AFR
NA19403,female,LWK,AFR
NA19434,female,LWK,AFR
NA19439,female,LWK,AFR
NA19446,female,LWK,AFR
NA19453,male,LWK,AFR
NA19117,male,YRI,AFR
NA19129,female,YRI,AFR
NA19131,female,YRI,AFR
NA19143,female,YRI,AFR
NA19148,female,YRI,AFR
NA19150,male,YRI,AFR
NA19751,male,MXL,AMR
NA19756,male,MXL,AMR
NA19763,female,MXL,AMR
NA19770,female,MXL,AMR
NA19775,female,MXL,AMR
NA19782,female,MXL,AMR
NA19787,male,MXL,AMR
NA19794,female,MXL,AMR
NA19819,female,ASW,AFR
NA19908,male,ASW,AFR
NA19915,male,ASW,AFR
NA19922,male,ASW,AFR
NA19984,male,ASW,AFR
NA20126,male,ASW,AFR
NA20277,female,ASW,AFR
NA20284,male,ASW,AFR
NA20289,female,ASW,AFR
NA20291,male,ASW,AFR
NA20296,female,ASW,AFR
NA20316,male,ASW,AFR
NA20335,male,ASW,AFR
NA20513,male,TSI,EUR
NA20518,male,TSI,EUR
NA20520,male,TSI,EUR
NA20525,male,TSI,EUR
NA20532,male,TSI,EUR
NA20537,male,TSI,EUR
NA20544,male,TSI,EUR
NA20582,female,TSI,EUR
NA20587,female,TSI,EUR
NA20753,female,TSI,EUR
NA20758,male,TSI,EUR
NA20760,female,TSI,EUR
NA20765,male,TSI,EUR
NA20772,female,TSI,EUR
NA21143,female,GIH,SAS
NA20796,male,TSI,EUR
NA20804,female,TSI,EUR
NA20809,male,TSI,EUR
NA20811,male,TSI,EUR
NA20816,male,TSI,EUR
NA20828,female,TSI,EUR
NA20847,female,GIH,SAS
NA20854,female,GIH,SAS
NA20342,male,ASW,AFR
NA20347,male,ASW,AFR
NA20359,female,ASW,AFR
NA20361,female,ASW,AFR
NA20412,female,ASW,AFR
NA20506,female,TSI,EUR
NA20859,female,GIH,SAS
NA20861,male,GIH,SAS
NA20866,male,GIH,SAS
NA20873,male,GIH,SAS
NA20878,female,GIH,SAS
NA20885,male,GIH,SAS
NA20892,female,GIH,SAS
NA20897,male,GIH,SAS
NA21097,female,GIH,SAS
NA21100,male,GIH,SAS
NA21105,male,GIH,SAS
NA21112,male,GIH,SAS
NA20900,female,GIH,SAS
NA20905,male,GIH,SAS
NA21092,male,GIH,SAS
NA21117,male,GIH,SAS
NA21124,male,GIH,SAS
NA21129,male,GIH,SAS
